The target system is: Linux -  - arm
The host system is: Linux - 6.8.0-79-generic - x86_64
Compiling the C compiler identification source file "CMakeCCompilerId.c" succeeded.
Compiler: /home/irex/WorkSpace/Smart_Glasses/SDK/rv1106-sdk/tools/linux/toolchain/arm-rockchip830-linux-uclibcgnueabihf/bin/arm-rockchip830-linux-uclibcgnueabihf-gcc 
Build flags: 
Id flags:  

The output was:
0


Compilation of the C compiler identification source "CMakeCCompilerId.c" produced "a.out"

The C compiler identification is GNU, found in "/home/irex/WorkSpace/Smart_Glasses/Demo/Smart_Glasses_demo/build/CMakeFiles/3.22.1/CompilerIdC/a.out"

Compiling the CXX compiler identification source file "CMakeCXXCompilerId.cpp" succeeded.
Compiler: /home/irex/WorkSpace/Smart_Glasses/SDK/rv1106-sdk/tools/linux/toolchain/arm-rockchip830-linux-uclibcgnueabihf/bin/arm-rockchip830-linux-uclibcgnueabihf-g++ 
Build flags: 
Id flags:  

The output was:
0


Compilation of the CXX compiler identification source "CMakeCXXCompilerId.cpp" produced "a.out"

The CXX compiler identification is GNU, found in "/home/irex/WorkSpace/Smart_Glasses/Demo/Smart_Glasses_demo/build/CMakeFiles/3.22.1/CompilerIdCXX/a.out"

Detecting C compiler ABI info compiled with the following output:
Change Dir: /home/irex/WorkSpace/Smart_Glasses/Demo/Smart_Glasses_demo/build/CMakeFiles/CMakeTmp

Run Build Command(s):/usr/bin/gmake -f Makefile cmTC_15682/fast && /usr/bin/gmake  -f CMakeFiles/cmTC_15682.dir/build.make CMakeFiles/cmTC_15682.dir/build
gmake[1]: Entering directory '/home/irex/WorkSpace/Smart_Glasses/Demo/Smart_Glasses_demo/build/CMakeFiles/CMakeTmp'
Building C object CMakeFiles/cmTC_15682.dir/CMakeCCompilerABI.c.o
/home/irex/WorkSpace/Smart_Glasses/SDK/rv1106-sdk/tools/linux/toolchain/arm-rockchip830-linux-uclibcgnueabihf/bin/arm-rockchip830-linux-uclibcgnueabihf-gcc --sysroot=/home/irex/WorkSpace/Smart_Glasses/SDK/rv1106-sdk/sysdrv/source/buildroot/buildroot-2023.02.6/output/host/arm-buildroot-linux-uclibcgnueabihf/sysroot   -v -o CMakeFiles/cmTC_15682.dir/CMakeCCompilerABI.c.o -c /usr/share/cmake-3.22/Modules/CMakeCCompilerABI.c
Using built-in specs.
COLLECT_GCC=/home/irex/WorkSpace/Smart_Glasses/SDK/rv1106-sdk/tools/linux/toolchain/arm-rockchip830-linux-uclibcgnueabihf/bin/arm-rockchip830-linux-uclibcgnueabihf-gcc
Target: arm-rockchip830-linux-uclibcgnueabihf
Configured with: /opt/.build/arm-rockchip830-linux-uclibcgnueabihf/src/gcc/configure --build=x86_64-build_pc-linux-gnu --host=x86_64-build_pc-linux-gnu --target=arm-rockchip830-linux-uclibcgnueabihf --prefix=/opt/x-tool/arm-rockchip830-linux-uclibcgnueabihf --with-sysroot=/opt/x-tool/arm-rockchip830-linux-uclibcgnueabihf/arm-rockchip830-linux-uclibcgnueabihf/sysroot --enable-languages=c,c++ --with-arch=armv7-a --with-fpu=neon-vfpv4 --with-float=hard --with-pkgversion='crosstool-NG 1.24.0' --enable-__cxa_atexit --disable-libmudflap --disable-libgomp --disable-libssp --disable-libquadmath --disable-libquadmath-support --disable-libsanitizer --disable-libmpx --with-gmp=/opt/.build/arm-rockchip830-linux-uclibcgnueabihf/buildtools --with-mpfr=/opt/.build/arm-rockchip830-linux-uclibcgnueabihf/buildtools --with-mpc=/opt/.build/arm-rockchip830-linux-uclibcgnueabihf/buildtools --with-isl=/opt/.build/arm-rockchip830-linux-uclibcgnueabihf/buildtools --enable-lto --with-host-libstdcxx='-static-libgcc -Wl,-Bstatic,-lstdc++,-Bdynamic -lm' --enable-threads=posix --enable-target-optspace --enable-plugin --enable-gold --disable-nls --disable-multilib --with-local-prefix=/opt/x-tool/arm-rockchip830-linux-uclibcgnueabihf/arm-rockchip830-linux-uclibcgnueabihf/sysroot --enable-long-long
Thread model: posix
gcc version 8.3.0 (crosstool-NG 1.24.0) 
COLLECT_GCC_OPTIONS='-v' '-o' 'CMakeFiles/cmTC_15682.dir/CMakeCCompilerABI.c.o' '-c'  '-mfloat-abi=hard' '-mfpu=neon-vfpv4' '-mtls-dialect=gnu' '-marm' '-march=armv7-a+neon-vfpv4'
 /home/irex/WorkSpace/Smart_Glasses/SDK/rv1106-sdk/tools/linux/toolchain/arm-rockchip830-linux-uclibcgnueabihf/bin/../libexec/gcc/arm-rockchip830-linux-uclibcgnueabihf/8.3.0/cc1 -quiet -v -iprefix /home/irex/WorkSpace/Smart_Glasses/SDK/rv1106-sdk/tools/linux/toolchain/arm-rockchip830-linux-uclibcgnueabihf/bin/../lib/gcc/arm-rockchip830-linux-uclibcgnueabihf/8.3.0/ -isysroot /home/irex/WorkSpace/Smart_Glasses/SDK/rv1106-sdk/sysdrv/source/buildroot/buildroot-2023.02.6/output/host/arm-buildroot-linux-uclibcgnueabihf/sysroot /usr/share/cmake-3.22/Modules/CMakeCCompilerABI.c -quiet -dumpbase CMakeCCompilerABI.c -mfloat-abi=hard -mfpu=neon-vfpv4 -mtls-dialect=gnu -marm -march=armv7-a+neon-vfpv4 -auxbase-strip CMakeFiles/cmTC_15682.dir/CMakeCCompilerABI.c.o -version -o /tmp/ccMBN0TP.s
GNU C17 (crosstool-NG 1.24.0) version 8.3.0 (arm-rockchip830-linux-uclibcgnueabihf)
	compiled by GNU C version 5.4.0 20160609, GMP version 6.1.2, MPFR version 4.0.2, MPC version 1.1.0, isl version isl-0.24-GMP

GGC heuristics: --param ggc-min-expand=100 --param ggc-min-heapsize=131072
ignoring duplicate directory "/home/irex/WorkSpace/Smart_Glasses/SDK/rv1106-sdk/tools/linux/toolchain/arm-rockchip830-linux-uclibcgnueabihf/bin/../lib/gcc/../../lib/gcc/arm-rockchip830-linux-uclibcgnueabihf/8.3.0/include"
ignoring nonexistent directory "/home/irex/WorkSpace/Smart_Glasses/SDK/rv1106-sdk/sysdrv/source/buildroot/buildroot-2023.02.6/output/host/arm-buildroot-linux-uclibcgnueabihf/sysroot/opt/x-tool/arm-rockchip830-linux-uclibcgnueabihf/arm-rockchip830-linux-uclibcgnueabihf/sysroot/include"
ignoring duplicate directory "/home/irex/WorkSpace/Smart_Glasses/SDK/rv1106-sdk/tools/linux/toolchain/arm-rockchip830-linux-uclibcgnueabihf/bin/../lib/gcc/../../lib/gcc/arm-rockchip830-linux-uclibcgnueabihf/8.3.0/include-fixed"
ignoring duplicate directory "/home/irex/WorkSpace/Smart_Glasses/SDK/rv1106-sdk/tools/linux/toolchain/arm-rockchip830-linux-uclibcgnueabihf/bin/../lib/gcc/../../lib/gcc/arm-rockchip830-linux-uclibcgnueabihf/8.3.0/../../../../arm-rockchip830-linux-uclibcgnueabihf/include"
#include "..." search starts here:
#include <...> search starts here:
 /home/irex/WorkSpace/Smart_Glasses/SDK/rv1106-sdk/tools/linux/toolchain/arm-rockchip830-linux-uclibcgnueabihf/bin/../lib/gcc/arm-rockchip830-linux-uclibcgnueabihf/8.3.0/include
 /home/irex/WorkSpace/Smart_Glasses/SDK/rv1106-sdk/tools/linux/toolchain/arm-rockchip830-linux-uclibcgnueabihf/bin/../lib/gcc/arm-rockchip830-linux-uclibcgnueabihf/8.3.0/include-fixed
 /home/irex/WorkSpace/Smart_Glasses/SDK/rv1106-sdk/tools/linux/toolchain/arm-rockchip830-linux-uclibcgnueabihf/bin/../lib/gcc/arm-rockchip830-linux-uclibcgnueabihf/8.3.0/../../../../arm-rockchip830-linux-uclibcgnueabihf/include
 /home/irex/WorkSpace/Smart_Glasses/SDK/rv1106-sdk/sysdrv/source/buildroot/buildroot-2023.02.6/output/host/arm-buildroot-linux-uclibcgnueabihf/sysroot/usr/include
End of search list.
GNU C17 (crosstool-NG 1.24.0) version 8.3.0 (arm-rockchip830-linux-uclibcgnueabihf)
	compiled by GNU C version 5.4.0 20160609, GMP version 6.1.2, MPFR version 4.0.2, MPC version 1.1.0, isl version isl-0.24-GMP

GGC heuristics: --param ggc-min-expand=100 --param ggc-min-heapsize=131072
Compiler executable checksum: e7661739e091f01943ce0a99456fb43a
COLLECT_GCC_OPTIONS='-v' '-o' 'CMakeFiles/cmTC_15682.dir/CMakeCCompilerABI.c.o' '-c'  '-mfloat-abi=hard' '-mfpu=neon-vfpv4' '-mtls-dialect=gnu' '-marm' '-march=armv7-a+neon-vfpv4'
 /home/irex/WorkSpace/Smart_Glasses/SDK/rv1106-sdk/tools/linux/toolchain/arm-rockchip830-linux-uclibcgnueabihf/bin/../lib/gcc/arm-rockchip830-linux-uclibcgnueabihf/8.3.0/../../../../arm-rockchip830-linux-uclibcgnueabihf/bin/as -v -march=armv7-a -mfloat-abi=hard -mfpu=neon-vfpv4 -meabi=5 -o CMakeFiles/cmTC_15682.dir/CMakeCCompilerABI.c.o /tmp/ccMBN0TP.s
GNU assembler version 2.32 (arm-rockchip830-linux-uclibcgnueabihf) using BFD version (crosstool-NG 1.24.0) 2.32
COMPILER_PATH=/home/irex/WorkSpace/Smart_Glasses/SDK/rv1106-sdk/tools/linux/toolchain/arm-rockchip830-linux-uclibcgnueabihf/bin/../libexec/gcc/arm-rockchip830-linux-uclibcgnueabihf/8.3.0/:/home/irex/WorkSpace/Smart_Glasses/SDK/rv1106-sdk/tools/linux/toolchain/arm-rockchip830-linux-uclibcgnueabihf/bin/../libexec/gcc/:/home/irex/WorkSpace/Smart_Glasses/SDK/rv1106-sdk/tools/linux/toolchain/arm-rockchip830-linux-uclibcgnueabihf/bin/../lib/gcc/arm-rockchip830-linux-uclibcgnueabihf/8.3.0/../../../../arm-rockchip830-linux-uclibcgnueabihf/bin/
LIBRARY_PATH=/home/irex/WorkSpace/Smart_Glasses/SDK/rv1106-sdk/tools/linux/toolchain/arm-rockchip830-linux-uclibcgnueabihf/bin/../lib/gcc/arm-rockchip830-linux-uclibcgnueabihf/8.3.0/:/home/irex/WorkSpace/Smart_Glasses/SDK/rv1106-sdk/tools/linux/toolchain/arm-rockchip830-linux-uclibcgnueabihf/bin/../lib/gcc/:/home/irex/WorkSpace/Smart_Glasses/SDK/rv1106-sdk/tools/linux/toolchain/arm-rockchip830-linux-uclibcgnueabihf/bin/../lib/gcc/arm-rockchip830-linux-uclibcgnueabihf/8.3.0/../../../../arm-rockchip830-linux-uclibcgnueabihf/lib/:/home/irex/WorkSpace/Smart_Glasses/SDK/rv1106-sdk/sysdrv/source/buildroot/buildroot-2023.02.6/output/host/arm-buildroot-linux-uclibcgnueabihf/sysroot/lib/:/home/irex/WorkSpace/Smart_Glasses/SDK/rv1106-sdk/sysdrv/source/buildroot/buildroot-2023.02.6/output/host/arm-buildroot-linux-uclibcgnueabihf/sysroot/usr/lib/
COLLECT_GCC_OPTIONS='-v' '-o' 'CMakeFiles/cmTC_15682.dir/CMakeCCompilerABI.c.o' '-c'  '-mfloat-abi=hard' '-mfpu=neon-vfpv4' '-mtls-dialect=gnu' '-marm' '-march=armv7-a+neon-vfpv4'
Linking C executable cmTC_15682
/usr/bin/cmake -E cmake_link_script CMakeFiles/cmTC_15682.dir/link.txt --verbose=1
/home/irex/WorkSpace/Smart_Glasses/SDK/rv1106-sdk/tools/linux/toolchain/arm-rockchip830-linux-uclibcgnueabihf/bin/arm-rockchip830-linux-uclibcgnueabihf-gcc --sysroot=/home/irex/WorkSpace/Smart_Glasses/SDK/rv1106-sdk/sysdrv/source/buildroot/buildroot-2023.02.6/output/host/arm-buildroot-linux-uclibcgnueabihf/sysroot  -v CMakeFiles/cmTC_15682.dir/CMakeCCompilerABI.c.o -o cmTC_15682 
Using built-in specs.
COLLECT_GCC=/home/irex/WorkSpace/Smart_Glasses/SDK/rv1106-sdk/tools/linux/toolchain/arm-rockchip830-linux-uclibcgnueabihf/bin/arm-rockchip830-linux-uclibcgnueabihf-gcc
COLLECT_LTO_WRAPPER=/home/irex/WorkSpace/Smart_Glasses/SDK/rv1106-sdk/tools/linux/toolchain/arm-rockchip830-linux-uclibcgnueabihf/bin/../libexec/gcc/arm-rockchip830-linux-uclibcgnueabihf/8.3.0/lto-wrapper
Target: arm-rockchip830-linux-uclibcgnueabihf
Configured with: /opt/.build/arm-rockchip830-linux-uclibcgnueabihf/src/gcc/configure --build=x86_64-build_pc-linux-gnu --host=x86_64-build_pc-linux-gnu --target=arm-rockchip830-linux-uclibcgnueabihf --prefix=/opt/x-tool/arm-rockchip830-linux-uclibcgnueabihf --with-sysroot=/opt/x-tool/arm-rockchip830-linux-uclibcgnueabihf/arm-rockchip830-linux-uclibcgnueabihf/sysroot --enable-languages=c,c++ --with-arch=armv7-a --with-fpu=neon-vfpv4 --with-float=hard --with-pkgversion='crosstool-NG 1.24.0' --enable-__cxa_atexit --disable-libmudflap --disable-libgomp --disable-libssp --disable-libquadmath --disable-libquadmath-support --disable-libsanitizer --disable-libmpx --with-gmp=/opt/.build/arm-rockchip830-linux-uclibcgnueabihf/buildtools --with-mpfr=/opt/.build/arm-rockchip830-linux-uclibcgnueabihf/buildtools --with-mpc=/opt/.build/arm-rockchip830-linux-uclibcgnueabihf/buildtools --with-isl=/opt/.build/arm-rockchip830-linux-uclibcgnueabihf/buildtools --enable-lto --with-host-libstdcxx='-static-libgcc -Wl,-Bstatic,-lstdc++,-Bdynamic -lm' --enable-threads=posix --enable-target-optspace --enable-plugin --enable-gold --disable-nls --disable-multilib --with-local-prefix=/opt/x-tool/arm-rockchip830-linux-uclibcgnueabihf/arm-rockchip830-linux-uclibcgnueabihf/sysroot --enable-long-long
Thread model: posix
gcc version 8.3.0 (crosstool-NG 1.24.0) 
COMPILER_PATH=/home/irex/WorkSpace/Smart_Glasses/SDK/rv1106-sdk/tools/linux/toolchain/arm-rockchip830-linux-uclibcgnueabihf/bin/../libexec/gcc/arm-rockchip830-linux-uclibcgnueabihf/8.3.0/:/home/irex/WorkSpace/Smart_Glasses/SDK/rv1106-sdk/tools/linux/toolchain/arm-rockchip830-linux-uclibcgnueabihf/bin/../libexec/gcc/:/home/irex/WorkSpace/Smart_Glasses/SDK/rv1106-sdk/tools/linux/toolchain/arm-rockchip830-linux-uclibcgnueabihf/bin/../lib/gcc/arm-rockchip830-linux-uclibcgnueabihf/8.3.0/../../../../arm-rockchip830-linux-uclibcgnueabihf/bin/
LIBRARY_PATH=/home/irex/WorkSpace/Smart_Glasses/SDK/rv1106-sdk/tools/linux/toolchain/arm-rockchip830-linux-uclibcgnueabihf/bin/../lib/gcc/arm-rockchip830-linux-uclibcgnueabihf/8.3.0/:/home/irex/WorkSpace/Smart_Glasses/SDK/rv1106-sdk/tools/linux/toolchain/arm-rockchip830-linux-uclibcgnueabihf/bin/../lib/gcc/:/home/irex/WorkSpace/Smart_Glasses/SDK/rv1106-sdk/tools/linux/toolchain/arm-rockchip830-linux-uclibcgnueabihf/bin/../lib/gcc/arm-rockchip830-linux-uclibcgnueabihf/8.3.0/../../../../arm-rockchip830-linux-uclibcgnueabihf/lib/:/home/irex/WorkSpace/Smart_Glasses/SDK/rv1106-sdk/sysdrv/source/buildroot/buildroot-2023.02.6/output/host/arm-buildroot-linux-uclibcgnueabihf/sysroot/lib/:/home/irex/WorkSpace/Smart_Glasses/SDK/rv1106-sdk/sysdrv/source/buildroot/buildroot-2023.02.6/output/host/arm-buildroot-linux-uclibcgnueabihf/sysroot/usr/lib/
COLLECT_GCC_OPTIONS='-v' '-o' 'cmTC_15682'  '-mfloat-abi=hard' '-mfpu=neon-vfpv4' '-mtls-dialect=gnu' '-marm' '-march=armv7-a+neon-vfpv4'
 /home/irex/WorkSpace/Smart_Glasses/SDK/rv1106-sdk/tools/linux/toolchain/arm-rockchip830-linux-uclibcgnueabihf/bin/../libexec/gcc/arm-rockchip830-linux-uclibcgnueabihf/8.3.0/collect2 -plugin /home/irex/WorkSpace/Smart_Glasses/SDK/rv1106-sdk/tools/linux/toolchain/arm-rockchip830-linux-uclibcgnueabihf/bin/../libexec/gcc/arm-rockchip830-linux-uclibcgnueabihf/8.3.0/liblto_plugin.so -plugin-opt=/home/irex/WorkSpace/Smart_Glasses/SDK/rv1106-sdk/tools/linux/toolchain/arm-rockchip830-linux-uclibcgnueabihf/bin/../libexec/gcc/arm-rockchip830-linux-uclibcgnueabihf/8.3.0/lto-wrapper -plugin-opt=-fresolution=/tmp/ccEDxqyF.res -plugin-opt=-pass-through=-lgcc -plugin-opt=-pass-through=-lgcc_s -plugin-opt=-pass-through=-lc -plugin-opt=-pass-through=-lgcc -plugin-opt=-pass-through=-lgcc_s --sysroot=/home/irex/WorkSpace/Smart_Glasses/SDK/rv1106-sdk/sysdrv/source/buildroot/buildroot-2023.02.6/output/host/arm-buildroot-linux-uclibcgnueabihf/sysroot --eh-frame-hdr -dynamic-linker /lib/ld-uClibc.so.0 -X -m armelf_linux_eabi -o cmTC_15682 /home/irex/WorkSpace/Smart_Glasses/SDK/rv1106-sdk/sysdrv/source/buildroot/buildroot-2023.02.6/output/host/arm-buildroot-linux-uclibcgnueabihf/sysroot/usr/lib/crt1.o /home/irex/WorkSpace/Smart_Glasses/SDK/rv1106-sdk/sysdrv/source/buildroot/buildroot-2023.02.6/output/host/arm-buildroot-linux-uclibcgnueabihf/sysroot/usr/lib/crti.o /home/irex/WorkSpace/Smart_Glasses/SDK/rv1106-sdk/tools/linux/toolchain/arm-rockchip830-linux-uclibcgnueabihf/bin/../lib/gcc/arm-rockchip830-linux-uclibcgnueabihf/8.3.0/crtbegin.o -L/home/irex/WorkSpace/Smart_Glasses/SDK/rv1106-sdk/tools/linux/toolchain/arm-rockchip830-linux-uclibcgnueabihf/bin/../lib/gcc/arm-rockchip830-linux-uclibcgnueabihf/8.3.0 -L/home/irex/WorkSpace/Smart_Glasses/SDK/rv1106-sdk/tools/linux/toolchain/arm-rockchip830-linux-uclibcgnueabihf/bin/../lib/gcc -L/home/irex/WorkSpace/Smart_Glasses/SDK/rv1106-sdk/tools/linux/toolchain/arm-rockchip830-linux-uclibcgnueabihf/bin/../lib/gcc/arm-rockchip830-linux-uclibcgnueabihf/8.3.0/../../../../arm-rockchip830-linux-uclibcgnueabihf/lib -L/home/irex/WorkSpace/Smart_Glasses/SDK/rv1106-sdk/sysdrv/source/buildroot/buildroot-2023.02.6/output/host/arm-buildroot-linux-uclibcgnueabihf/sysroot/lib -L/home/irex/WorkSpace/Smart_Glasses/SDK/rv1106-sdk/sysdrv/source/buildroot/buildroot-2023.02.6/output/host/arm-buildroot-linux-uclibcgnueabihf/sysroot/usr/lib CMakeFiles/cmTC_15682.dir/CMakeCCompilerABI.c.o -lgcc --as-needed -lgcc_s --no-as-needed -lc -lgcc --as-needed -lgcc_s --no-as-needed /home/irex/WorkSpace/Smart_Glasses/SDK/rv1106-sdk/tools/linux/toolchain/arm-rockchip830-linux-uclibcgnueabihf/bin/../lib/gcc/arm-rockchip830-linux-uclibcgnueabihf/8.3.0/crtend.o /home/irex/WorkSpace/Smart_Glasses/SDK/rv1106-sdk/sysdrv/source/buildroot/buildroot-2023.02.6/output/host/arm-buildroot-linux-uclibcgnueabihf/sysroot/usr/lib/crtn.o
COLLECT_GCC_OPTIONS='-v' '-o' 'cmTC_15682'  '-mfloat-abi=hard' '-mfpu=neon-vfpv4' '-mtls-dialect=gnu' '-marm' '-march=armv7-a+neon-vfpv4'
gmake[1]: Leaving directory '/home/irex/WorkSpace/Smart_Glasses/Demo/Smart_Glasses_demo/build/CMakeFiles/CMakeTmp'



Parsed C implicit include dir info from above output: rv=done
  found start of include info
  found start of implicit include info
    add: [/home/irex/WorkSpace/Smart_Glasses/SDK/rv1106-sdk/tools/linux/toolchain/arm-rockchip830-linux-uclibcgnueabihf/bin/../lib/gcc/arm-rockchip830-linux-uclibcgnueabihf/8.3.0/include]
    add: [/home/irex/WorkSpace/Smart_Glasses/SDK/rv1106-sdk/tools/linux/toolchain/arm-rockchip830-linux-uclibcgnueabihf/bin/../lib/gcc/arm-rockchip830-linux-uclibcgnueabihf/8.3.0/include-fixed]
    add: [/home/irex/WorkSpace/Smart_Glasses/SDK/rv1106-sdk/tools/linux/toolchain/arm-rockchip830-linux-uclibcgnueabihf/bin/../lib/gcc/arm-rockchip830-linux-uclibcgnueabihf/8.3.0/../../../../arm-rockchip830-linux-uclibcgnueabihf/include]
    add: [/home/irex/WorkSpace/Smart_Glasses/SDK/rv1106-sdk/sysdrv/source/buildroot/buildroot-2023.02.6/output/host/arm-buildroot-linux-uclibcgnueabihf/sysroot/usr/include]
  end of search list found
  collapse include dir [/home/irex/WorkSpace/Smart_Glasses/SDK/rv1106-sdk/tools/linux/toolchain/arm-rockchip830-linux-uclibcgnueabihf/bin/../lib/gcc/arm-rockchip830-linux-uclibcgnueabihf/8.3.0/include] ==> [/home/irex/WorkSpace/Smart_Glasses/SDK/rv1106-sdk/tools/linux/toolchain/arm-rockchip830-linux-uclibcgnueabihf/lib/gcc/arm-rockchip830-linux-uclibcgnueabihf/8.3.0/include]
  collapse include dir [/home/irex/WorkSpace/Smart_Glasses/SDK/rv1106-sdk/tools/linux/toolchain/arm-rockchip830-linux-uclibcgnueabihf/bin/../lib/gcc/arm-rockchip830-linux-uclibcgnueabihf/8.3.0/include-fixed] ==> [/home/irex/WorkSpace/Smart_Glasses/SDK/rv1106-sdk/tools/linux/toolchain/arm-rockchip830-linux-uclibcgnueabihf/lib/gcc/arm-rockchip830-linux-uclibcgnueabihf/8.3.0/include-fixed]
  collapse include dir [/home/irex/WorkSpace/Smart_Glasses/SDK/rv1106-sdk/tools/linux/toolchain/arm-rockchip830-linux-uclibcgnueabihf/bin/../lib/gcc/arm-rockchip830-linux-uclibcgnueabihf/8.3.0/../../../../arm-rockchip830-linux-uclibcgnueabihf/include] ==> [/home/irex/WorkSpace/Smart_Glasses/SDK/rv1106-sdk/tools/linux/toolchain/arm-rockchip830-linux-uclibcgnueabihf/arm-rockchip830-linux-uclibcgnueabihf/include]
  collapse include dir [/home/irex/WorkSpace/Smart_Glasses/SDK/rv1106-sdk/sysdrv/source/buildroot/buildroot-2023.02.6/output/host/arm-buildroot-linux-uclibcgnueabihf/sysroot/usr/include] ==> [/home/irex/WorkSpace/Smart_Glasses/SDK/rv1106-sdk/sysdrv/source/buildroot/buildroot-2023.02.6/output/host/arm-buildroot-linux-uclibcgnueabihf/sysroot/usr/include]
  implicit include dirs: [/home/irex/WorkSpace/Smart_Glasses/SDK/rv1106-sdk/tools/linux/toolchain/arm-rockchip830-linux-uclibcgnueabihf/lib/gcc/arm-rockchip830-linux-uclibcgnueabihf/8.3.0/include;/home/irex/WorkSpace/Smart_Glasses/SDK/rv1106-sdk/tools/linux/toolchain/arm-rockchip830-linux-uclibcgnueabihf/lib/gcc/arm-rockchip830-linux-uclibcgnueabihf/8.3.0/include-fixed;/home/irex/WorkSpace/Smart_Glasses/SDK/rv1106-sdk/tools/linux/toolchain/arm-rockchip830-linux-uclibcgnueabihf/arm-rockchip830-linux-uclibcgnueabihf/include;/home/irex/WorkSpace/Smart_Glasses/SDK/rv1106-sdk/sysdrv/source/buildroot/buildroot-2023.02.6/output/host/arm-buildroot-linux-uclibcgnueabihf/sysroot/usr/include]


Parsed C implicit link information from above output:
  link line regex: [^( *|.*[/\])(arm-rockchip830-linux-uclibcgnueabihf-ld|CMAKE_LINK_STARTFILE-NOTFOUND|([^/\]+-)?ld|collect2)[^/\]*( |$)]
  ignore line: [Change Dir: /home/irex/WorkSpace/Smart_Glasses/Demo/Smart_Glasses_demo/build/CMakeFiles/CMakeTmp]
  ignore line: []
  ignore line: [Run Build Command(s):/usr/bin/gmake -f Makefile cmTC_15682/fast && /usr/bin/gmake  -f CMakeFiles/cmTC_15682.dir/build.make CMakeFiles/cmTC_15682.dir/build]
  ignore line: [gmake[1]: Entering directory '/home/irex/WorkSpace/Smart_Glasses/Demo/Smart_Glasses_demo/build/CMakeFiles/CMakeTmp']
  ignore line: [Building C object CMakeFiles/cmTC_15682.dir/CMakeCCompilerABI.c.o]
  ignore line: [/home/irex/WorkSpace/Smart_Glasses/SDK/rv1106-sdk/tools/linux/toolchain/arm-rockchip830-linux-uclibcgnueabihf/bin/arm-rockchip830-linux-uclibcgnueabihf-gcc --sysroot=/home/irex/WorkSpace/Smart_Glasses/SDK/rv1106-sdk/sysdrv/source/buildroot/buildroot-2023.02.6/output/host/arm-buildroot-linux-uclibcgnueabihf/sysroot   -v -o CMakeFiles/cmTC_15682.dir/CMakeCCompilerABI.c.o -c /usr/share/cmake-3.22/Modules/CMakeCCompilerABI.c]
  ignore line: [Using built-in specs.]
  ignore line: [COLLECT_GCC=/home/irex/WorkSpace/Smart_Glasses/SDK/rv1106-sdk/tools/linux/toolchain/arm-rockchip830-linux-uclibcgnueabihf/bin/arm-rockchip830-linux-uclibcgnueabihf-gcc]
  ignore line: [Target: arm-rockchip830-linux-uclibcgnueabihf]
  ignore line: [Configured with: /opt/.build/arm-rockchip830-linux-uclibcgnueabihf/src/gcc/configure --build=x86_64-build_pc-linux-gnu --host=x86_64-build_pc-linux-gnu --target=arm-rockchip830-linux-uclibcgnueabihf --prefix=/opt/x-tool/arm-rockchip830-linux-uclibcgnueabihf --with-sysroot=/opt/x-tool/arm-rockchip830-linux-uclibcgnueabihf/arm-rockchip830-linux-uclibcgnueabihf/sysroot --enable-languages=c c++ --with-arch=armv7-a --with-fpu=neon-vfpv4 --with-float=hard --with-pkgversion='crosstool-NG 1.24.0' --enable-__cxa_atexit --disable-libmudflap --disable-libgomp --disable-libssp --disable-libquadmath --disable-libquadmath-support --disable-libsanitizer --disable-libmpx --with-gmp=/opt/.build/arm-rockchip830-linux-uclibcgnueabihf/buildtools --with-mpfr=/opt/.build/arm-rockchip830-linux-uclibcgnueabihf/buildtools --with-mpc=/opt/.build/arm-rockchip830-linux-uclibcgnueabihf/buildtools --with-isl=/opt/.build/arm-rockchip830-linux-uclibcgnueabihf/buildtools --enable-lto --with-host-libstdcxx='-static-libgcc -Wl -Bstatic -lstdc++ -Bdynamic -lm' --enable-threads=posix --enable-target-optspace --enable-plugin --enable-gold --disable-nls --disable-multilib --with-local-prefix=/opt/x-tool/arm-rockchip830-linux-uclibcgnueabihf/arm-rockchip830-linux-uclibcgnueabihf/sysroot --enable-long-long]
  ignore line: [Thread model: posix]
  ignore line: [gcc version 8.3.0 (crosstool-NG 1.24.0) ]
  ignore line: [COLLECT_GCC_OPTIONS='-v' '-o' 'CMakeFiles/cmTC_15682.dir/CMakeCCompilerABI.c.o' '-c'  '-mfloat-abi=hard' '-mfpu=neon-vfpv4' '-mtls-dialect=gnu' '-marm' '-march=armv7-a+neon-vfpv4']
  ignore line: [ /home/irex/WorkSpace/Smart_Glasses/SDK/rv1106-sdk/tools/linux/toolchain/arm-rockchip830-linux-uclibcgnueabihf/bin/../libexec/gcc/arm-rockchip830-linux-uclibcgnueabihf/8.3.0/cc1 -quiet -v -iprefix /home/irex/WorkSpace/Smart_Glasses/SDK/rv1106-sdk/tools/linux/toolchain/arm-rockchip830-linux-uclibcgnueabihf/bin/../lib/gcc/arm-rockchip830-linux-uclibcgnueabihf/8.3.0/ -isysroot /home/irex/WorkSpace/Smart_Glasses/SDK/rv1106-sdk/sysdrv/source/buildroot/buildroot-2023.02.6/output/host/arm-buildroot-linux-uclibcgnueabihf/sysroot /usr/share/cmake-3.22/Modules/CMakeCCompilerABI.c -quiet -dumpbase CMakeCCompilerABI.c -mfloat-abi=hard -mfpu=neon-vfpv4 -mtls-dialect=gnu -marm -march=armv7-a+neon-vfpv4 -auxbase-strip CMakeFiles/cmTC_15682.dir/CMakeCCompilerABI.c.o -version -o /tmp/ccMBN0TP.s]
  ignore line: [GNU C17 (crosstool-NG 1.24.0) version 8.3.0 (arm-rockchip830-linux-uclibcgnueabihf)]
  ignore line: [	compiled by GNU C version 5.4.0 20160609  GMP version 6.1.2  MPFR version 4.0.2  MPC version 1.1.0  isl version isl-0.24-GMP]
  ignore line: []
  ignore line: [GGC heuristics: --param ggc-min-expand=100 --param ggc-min-heapsize=131072]
  ignore line: [ignoring duplicate directory "/home/irex/WorkSpace/Smart_Glasses/SDK/rv1106-sdk/tools/linux/toolchain/arm-rockchip830-linux-uclibcgnueabihf/bin/../lib/gcc/../../lib/gcc/arm-rockchip830-linux-uclibcgnueabihf/8.3.0/include"]
  ignore line: [ignoring nonexistent directory "/home/irex/WorkSpace/Smart_Glasses/SDK/rv1106-sdk/sysdrv/source/buildroot/buildroot-2023.02.6/output/host/arm-buildroot-linux-uclibcgnueabihf/sysroot/opt/x-tool/arm-rockchip830-linux-uclibcgnueabihf/arm-rockchip830-linux-uclibcgnueabihf/sysroot/include"]
  ignore line: [ignoring duplicate directory "/home/irex/WorkSpace/Smart_Glasses/SDK/rv1106-sdk/tools/linux/toolchain/arm-rockchip830-linux-uclibcgnueabihf/bin/../lib/gcc/../../lib/gcc/arm-rockchip830-linux-uclibcgnueabihf/8.3.0/include-fixed"]
  ignore line: [ignoring duplicate directory "/home/irex/WorkSpace/Smart_Glasses/SDK/rv1106-sdk/tools/linux/toolchain/arm-rockchip830-linux-uclibcgnueabihf/bin/../lib/gcc/../../lib/gcc/arm-rockchip830-linux-uclibcgnueabihf/8.3.0/../../../../arm-rockchip830-linux-uclibcgnueabihf/include"]
  ignore line: [#include "..." search starts here:]
  ignore line: [#include <...> search starts here:]
  ignore line: [ /home/irex/WorkSpace/Smart_Glasses/SDK/rv1106-sdk/tools/linux/toolchain/arm-rockchip830-linux-uclibcgnueabihf/bin/../lib/gcc/arm-rockchip830-linux-uclibcgnueabihf/8.3.0/include]
  ignore line: [ /home/irex/WorkSpace/Smart_Glasses/SDK/rv1106-sdk/tools/linux/toolchain/arm-rockchip830-linux-uclibcgnueabihf/bin/../lib/gcc/arm-rockchip830-linux-uclibcgnueabihf/8.3.0/include-fixed]
  ignore line: [ /home/irex/WorkSpace/Smart_Glasses/SDK/rv1106-sdk/tools/linux/toolchain/arm-rockchip830-linux-uclibcgnueabihf/bin/../lib/gcc/arm-rockchip830-linux-uclibcgnueabihf/8.3.0/../../../../arm-rockchip830-linux-uclibcgnueabihf/include]
  ignore line: [ /home/irex/WorkSpace/Smart_Glasses/SDK/rv1106-sdk/sysdrv/source/buildroot/buildroot-2023.02.6/output/host/arm-buildroot-linux-uclibcgnueabihf/sysroot/usr/include]
  ignore line: [End of search list.]
  ignore line: [GNU C17 (crosstool-NG 1.24.0) version 8.3.0 (arm-rockchip830-linux-uclibcgnueabihf)]
  ignore line: [	compiled by GNU C version 5.4.0 20160609  GMP version 6.1.2  MPFR version 4.0.2  MPC version 1.1.0  isl version isl-0.24-GMP]
  ignore line: []
  ignore line: [GGC heuristics: --param ggc-min-expand=100 --param ggc-min-heapsize=131072]
  ignore line: [Compiler executable checksum: e7661739e091f01943ce0a99456fb43a]
  ignore line: [COLLECT_GCC_OPTIONS='-v' '-o' 'CMakeFiles/cmTC_15682.dir/CMakeCCompilerABI.c.o' '-c'  '-mfloat-abi=hard' '-mfpu=neon-vfpv4' '-mtls-dialect=gnu' '-marm' '-march=armv7-a+neon-vfpv4']
  ignore line: [ /home/irex/WorkSpace/Smart_Glasses/SDK/rv1106-sdk/tools/linux/toolchain/arm-rockchip830-linux-uclibcgnueabihf/bin/../lib/gcc/arm-rockchip830-linux-uclibcgnueabihf/8.3.0/../../../../arm-rockchip830-linux-uclibcgnueabihf/bin/as -v -march=armv7-a -mfloat-abi=hard -mfpu=neon-vfpv4 -meabi=5 -o CMakeFiles/cmTC_15682.dir/CMakeCCompilerABI.c.o /tmp/ccMBN0TP.s]
  ignore line: [GNU assembler version 2.32 (arm-rockchip830-linux-uclibcgnueabihf) using BFD version (crosstool-NG 1.24.0) 2.32]
  ignore line: [COMPILER_PATH=/home/irex/WorkSpace/Smart_Glasses/SDK/rv1106-sdk/tools/linux/toolchain/arm-rockchip830-linux-uclibcgnueabihf/bin/../libexec/gcc/arm-rockchip830-linux-uclibcgnueabihf/8.3.0/:/home/irex/WorkSpace/Smart_Glasses/SDK/rv1106-sdk/tools/linux/toolchain/arm-rockchip830-linux-uclibcgnueabihf/bin/../libexec/gcc/:/home/irex/WorkSpace/Smart_Glasses/SDK/rv1106-sdk/tools/linux/toolchain/arm-rockchip830-linux-uclibcgnueabihf/bin/../lib/gcc/arm-rockchip830-linux-uclibcgnueabihf/8.3.0/../../../../arm-rockchip830-linux-uclibcgnueabihf/bin/]
  ignore line: [LIBRARY_PATH=/home/irex/WorkSpace/Smart_Glasses/SDK/rv1106-sdk/tools/linux/toolchain/arm-rockchip830-linux-uclibcgnueabihf/bin/../lib/gcc/arm-rockchip830-linux-uclibcgnueabihf/8.3.0/:/home/irex/WorkSpace/Smart_Glasses/SDK/rv1106-sdk/tools/linux/toolchain/arm-rockchip830-linux-uclibcgnueabihf/bin/../lib/gcc/:/home/irex/WorkSpace/Smart_Glasses/SDK/rv1106-sdk/tools/linux/toolchain/arm-rockchip830-linux-uclibcgnueabihf/bin/../lib/gcc/arm-rockchip830-linux-uclibcgnueabihf/8.3.0/../../../../arm-rockchip830-linux-uclibcgnueabihf/lib/:/home/irex/WorkSpace/Smart_Glasses/SDK/rv1106-sdk/sysdrv/source/buildroot/buildroot-2023.02.6/output/host/arm-buildroot-linux-uclibcgnueabihf/sysroot/lib/:/home/irex/WorkSpace/Smart_Glasses/SDK/rv1106-sdk/sysdrv/source/buildroot/buildroot-2023.02.6/output/host/arm-buildroot-linux-uclibcgnueabihf/sysroot/usr/lib/]
  ignore line: [COLLECT_GCC_OPTIONS='-v' '-o' 'CMakeFiles/cmTC_15682.dir/CMakeCCompilerABI.c.o' '-c'  '-mfloat-abi=hard' '-mfpu=neon-vfpv4' '-mtls-dialect=gnu' '-marm' '-march=armv7-a+neon-vfpv4']
  ignore line: [Linking C executable cmTC_15682]
  ignore line: [/usr/bin/cmake -E cmake_link_script CMakeFiles/cmTC_15682.dir/link.txt --verbose=1]
  ignore line: [/home/irex/WorkSpace/Smart_Glasses/SDK/rv1106-sdk/tools/linux/toolchain/arm-rockchip830-linux-uclibcgnueabihf/bin/arm-rockchip830-linux-uclibcgnueabihf-gcc --sysroot=/home/irex/WorkSpace/Smart_Glasses/SDK/rv1106-sdk/sysdrv/source/buildroot/buildroot-2023.02.6/output/host/arm-buildroot-linux-uclibcgnueabihf/sysroot  -v CMakeFiles/cmTC_15682.dir/CMakeCCompilerABI.c.o -o cmTC_15682 ]
  ignore line: [Using built-in specs.]
  ignore line: [COLLECT_GCC=/home/irex/WorkSpace/Smart_Glasses/SDK/rv1106-sdk/tools/linux/toolchain/arm-rockchip830-linux-uclibcgnueabihf/bin/arm-rockchip830-linux-uclibcgnueabihf-gcc]
  ignore line: [COLLECT_LTO_WRAPPER=/home/irex/WorkSpace/Smart_Glasses/SDK/rv1106-sdk/tools/linux/toolchain/arm-rockchip830-linux-uclibcgnueabihf/bin/../libexec/gcc/arm-rockchip830-linux-uclibcgnueabihf/8.3.0/lto-wrapper]
  ignore line: [Target: arm-rockchip830-linux-uclibcgnueabihf]
  ignore line: [Configured with: /opt/.build/arm-rockchip830-linux-uclibcgnueabihf/src/gcc/configure --build=x86_64-build_pc-linux-gnu --host=x86_64-build_pc-linux-gnu --target=arm-rockchip830-linux-uclibcgnueabihf --prefix=/opt/x-tool/arm-rockchip830-linux-uclibcgnueabihf --with-sysroot=/opt/x-tool/arm-rockchip830-linux-uclibcgnueabihf/arm-rockchip830-linux-uclibcgnueabihf/sysroot --enable-languages=c c++ --with-arch=armv7-a --with-fpu=neon-vfpv4 --with-float=hard --with-pkgversion='crosstool-NG 1.24.0' --enable-__cxa_atexit --disable-libmudflap --disable-libgomp --disable-libssp --disable-libquadmath --disable-libquadmath-support --disable-libsanitizer --disable-libmpx --with-gmp=/opt/.build/arm-rockchip830-linux-uclibcgnueabihf/buildtools --with-mpfr=/opt/.build/arm-rockchip830-linux-uclibcgnueabihf/buildtools --with-mpc=/opt/.build/arm-rockchip830-linux-uclibcgnueabihf/buildtools --with-isl=/opt/.build/arm-rockchip830-linux-uclibcgnueabihf/buildtools --enable-lto --with-host-libstdcxx='-static-libgcc -Wl -Bstatic -lstdc++ -Bdynamic -lm' --enable-threads=posix --enable-target-optspace --enable-plugin --enable-gold --disable-nls --disable-multilib --with-local-prefix=/opt/x-tool/arm-rockchip830-linux-uclibcgnueabihf/arm-rockchip830-linux-uclibcgnueabihf/sysroot --enable-long-long]
  ignore line: [Thread model: posix]
  ignore line: [gcc version 8.3.0 (crosstool-NG 1.24.0) ]
  ignore line: [COMPILER_PATH=/home/irex/WorkSpace/Smart_Glasses/SDK/rv1106-sdk/tools/linux/toolchain/arm-rockchip830-linux-uclibcgnueabihf/bin/../libexec/gcc/arm-rockchip830-linux-uclibcgnueabihf/8.3.0/:/home/irex/WorkSpace/Smart_Glasses/SDK/rv1106-sdk/tools/linux/toolchain/arm-rockchip830-linux-uclibcgnueabihf/bin/../libexec/gcc/:/home/irex/WorkSpace/Smart_Glasses/SDK/rv1106-sdk/tools/linux/toolchain/arm-rockchip830-linux-uclibcgnueabihf/bin/../lib/gcc/arm-rockchip830-linux-uclibcgnueabihf/8.3.0/../../../../arm-rockchip830-linux-uclibcgnueabihf/bin/]
  ignore line: [LIBRARY_PATH=/home/irex/WorkSpace/Smart_Glasses/SDK/rv1106-sdk/tools/linux/toolchain/arm-rockchip830-linux-uclibcgnueabihf/bin/../lib/gcc/arm-rockchip830-linux-uclibcgnueabihf/8.3.0/:/home/irex/WorkSpace/Smart_Glasses/SDK/rv1106-sdk/tools/linux/toolchain/arm-rockchip830-linux-uclibcgnueabihf/bin/../lib/gcc/:/home/irex/WorkSpace/Smart_Glasses/SDK/rv1106-sdk/tools/linux/toolchain/arm-rockchip830-linux-uclibcgnueabihf/bin/../lib/gcc/arm-rockchip830-linux-uclibcgnueabihf/8.3.0/../../../../arm-rockchip830-linux-uclibcgnueabihf/lib/:/home/irex/WorkSpace/Smart_Glasses/SDK/rv1106-sdk/sysdrv/source/buildroot/buildroot-2023.02.6/output/host/arm-buildroot-linux-uclibcgnueabihf/sysroot/lib/:/home/irex/WorkSpace/Smart_Glasses/SDK/rv1106-sdk/sysdrv/source/buildroot/buildroot-2023.02.6/output/host/arm-buildroot-linux-uclibcgnueabihf/sysroot/usr/lib/]
  ignore line: [COLLECT_GCC_OPTIONS='-v' '-o' 'cmTC_15682'  '-mfloat-abi=hard' '-mfpu=neon-vfpv4' '-mtls-dialect=gnu' '-marm' '-march=armv7-a+neon-vfpv4']
  link line: [ /home/irex/WorkSpace/Smart_Glasses/SDK/rv1106-sdk/tools/linux/toolchain/arm-rockchip830-linux-uclibcgnueabihf/bin/../libexec/gcc/arm-rockchip830-linux-uclibcgnueabihf/8.3.0/collect2 -plugin /home/irex/WorkSpace/Smart_Glasses/SDK/rv1106-sdk/tools/linux/toolchain/arm-rockchip830-linux-uclibcgnueabihf/bin/../libexec/gcc/arm-rockchip830-linux-uclibcgnueabihf/8.3.0/liblto_plugin.so -plugin-opt=/home/irex/WorkSpace/Smart_Glasses/SDK/rv1106-sdk/tools/linux/toolchain/arm-rockchip830-linux-uclibcgnueabihf/bin/../libexec/gcc/arm-rockchip830-linux-uclibcgnueabihf/8.3.0/lto-wrapper -plugin-opt=-fresolution=/tmp/ccEDxqyF.res -plugin-opt=-pass-through=-lgcc -plugin-opt=-pass-through=-lgcc_s -plugin-opt=-pass-through=-lc -plugin-opt=-pass-through=-lgcc -plugin-opt=-pass-through=-lgcc_s --sysroot=/home/irex/WorkSpace/Smart_Glasses/SDK/rv1106-sdk/sysdrv/source/buildroot/buildroot-2023.02.6/output/host/arm-buildroot-linux-uclibcgnueabihf/sysroot --eh-frame-hdr -dynamic-linker /lib/ld-uClibc.so.0 -X -m armelf_linux_eabi -o cmTC_15682 /home/irex/WorkSpace/Smart_Glasses/SDK/rv1106-sdk/sysdrv/source/buildroot/buildroot-2023.02.6/output/host/arm-buildroot-linux-uclibcgnueabihf/sysroot/usr/lib/crt1.o /home/irex/WorkSpace/Smart_Glasses/SDK/rv1106-sdk/sysdrv/source/buildroot/buildroot-2023.02.6/output/host/arm-buildroot-linux-uclibcgnueabihf/sysroot/usr/lib/crti.o /home/irex/WorkSpace/Smart_Glasses/SDK/rv1106-sdk/tools/linux/toolchain/arm-rockchip830-linux-uclibcgnueabihf/bin/../lib/gcc/arm-rockchip830-linux-uclibcgnueabihf/8.3.0/crtbegin.o -L/home/irex/WorkSpace/Smart_Glasses/SDK/rv1106-sdk/tools/linux/toolchain/arm-rockchip830-linux-uclibcgnueabihf/bin/../lib/gcc/arm-rockchip830-linux-uclibcgnueabihf/8.3.0 -L/home/irex/WorkSpace/Smart_Glasses/SDK/rv1106-sdk/tools/linux/toolchain/arm-rockchip830-linux-uclibcgnueabihf/bin/../lib/gcc -L/home/irex/WorkSpace/Smart_Glasses/SDK/rv1106-sdk/tools/linux/toolchain/arm-rockchip830-linux-uclibcgnueabihf/bin/../lib/gcc/arm-rockchip830-linux-uclibcgnueabihf/8.3.0/../../../../arm-rockchip830-linux-uclibcgnueabihf/lib -L/home/irex/WorkSpace/Smart_Glasses/SDK/rv1106-sdk/sysdrv/source/buildroot/buildroot-2023.02.6/output/host/arm-buildroot-linux-uclibcgnueabihf/sysroot/lib -L/home/irex/WorkSpace/Smart_Glasses/SDK/rv1106-sdk/sysdrv/source/buildroot/buildroot-2023.02.6/output/host/arm-buildroot-linux-uclibcgnueabihf/sysroot/usr/lib CMakeFiles/cmTC_15682.dir/CMakeCCompilerABI.c.o -lgcc --as-needed -lgcc_s --no-as-needed -lc -lgcc --as-needed -lgcc_s --no-as-needed /home/irex/WorkSpace/Smart_Glasses/SDK/rv1106-sdk/tools/linux/toolchain/arm-rockchip830-linux-uclibcgnueabihf/bin/../lib/gcc/arm-rockchip830-linux-uclibcgnueabihf/8.3.0/crtend.o /home/irex/WorkSpace/Smart_Glasses/SDK/rv1106-sdk/sysdrv/source/buildroot/buildroot-2023.02.6/output/host/arm-buildroot-linux-uclibcgnueabihf/sysroot/usr/lib/crtn.o]
    arg [/home/irex/WorkSpace/Smart_Glasses/SDK/rv1106-sdk/tools/linux/toolchain/arm-rockchip830-linux-uclibcgnueabihf/bin/../libexec/gcc/arm-rockchip830-linux-uclibcgnueabihf/8.3.0/collect2] ==> ignore
    arg [-plugin] ==> ignore
    arg [/home/irex/WorkSpace/Smart_Glasses/SDK/rv1106-sdk/tools/linux/toolchain/arm-rockchip830-linux-uclibcgnueabihf/bin/../libexec/gcc/arm-rockchip830-linux-uclibcgnueabihf/8.3.0/liblto_plugin.so] ==> ignore
    arg [-plugin-opt=/home/irex/WorkSpace/Smart_Glasses/SDK/rv1106-sdk/tools/linux/toolchain/arm-rockchip830-linux-uclibcgnueabihf/bin/../libexec/gcc/arm-rockchip830-linux-uclibcgnueabihf/8.3.0/lto-wrapper] ==> ignore
    arg [-plugin-opt=-fresolution=/tmp/ccEDxqyF.res] ==> ignore
    arg [-plugin-opt=-pass-through=-lgcc] ==> ignore
    arg [-plugin-opt=-pass-through=-lgcc_s] ==> ignore
    arg [-plugin-opt=-pass-through=-lc] ==> ignore
    arg [-plugin-opt=-pass-through=-lgcc] ==> ignore
    arg [-plugin-opt=-pass-through=-lgcc_s] ==> ignore
    arg [--sysroot=/home/irex/WorkSpace/Smart_Glasses/SDK/rv1106-sdk/sysdrv/source/buildroot/buildroot-2023.02.6/output/host/arm-buildroot-linux-uclibcgnueabihf/sysroot] ==> ignore
    arg [--eh-frame-hdr] ==> ignore
    arg [-dynamic-linker] ==> ignore
    arg [/lib/ld-uClibc.so.0] ==> ignore
    arg [-X] ==> ignore
    arg [-m] ==> ignore
    arg [armelf_linux_eabi] ==> ignore
    arg [-o] ==> ignore
    arg [cmTC_15682] ==> ignore
    arg [/home/irex/WorkSpace/Smart_Glasses/SDK/rv1106-sdk/sysdrv/source/buildroot/buildroot-2023.02.6/output/host/arm-buildroot-linux-uclibcgnueabihf/sysroot/usr/lib/crt1.o] ==> obj [/home/irex/WorkSpace/Smart_Glasses/SDK/rv1106-sdk/sysdrv/source/buildroot/buildroot-2023.02.6/output/host/arm-buildroot-linux-uclibcgnueabihf/sysroot/usr/lib/crt1.o]
    arg [/home/irex/WorkSpace/Smart_Glasses/SDK/rv1106-sdk/sysdrv/source/buildroot/buildroot-2023.02.6/output/host/arm-buildroot-linux-uclibcgnueabihf/sysroot/usr/lib/crti.o] ==> obj [/home/irex/WorkSpace/Smart_Glasses/SDK/rv1106-sdk/sysdrv/source/buildroot/buildroot-2023.02.6/output/host/arm-buildroot-linux-uclibcgnueabihf/sysroot/usr/lib/crti.o]
    arg [/home/irex/WorkSpace/Smart_Glasses/SDK/rv1106-sdk/tools/linux/toolchain/arm-rockchip830-linux-uclibcgnueabihf/bin/../lib/gcc/arm-rockchip830-linux-uclibcgnueabihf/8.3.0/crtbegin.o] ==> obj [/home/irex/WorkSpace/Smart_Glasses/SDK/rv1106-sdk/tools/linux/toolchain/arm-rockchip830-linux-uclibcgnueabihf/bin/../lib/gcc/arm-rockchip830-linux-uclibcgnueabihf/8.3.0/crtbegin.o]
    arg [-L/home/irex/WorkSpace/Smart_Glasses/SDK/rv1106-sdk/tools/linux/toolchain/arm-rockchip830-linux-uclibcgnueabihf/bin/../lib/gcc/arm-rockchip830-linux-uclibcgnueabihf/8.3.0] ==> dir [/home/irex/WorkSpace/Smart_Glasses/SDK/rv1106-sdk/tools/linux/toolchain/arm-rockchip830-linux-uclibcgnueabihf/bin/../lib/gcc/arm-rockchip830-linux-uclibcgnueabihf/8.3.0]
    arg [-L/home/irex/WorkSpace/Smart_Glasses/SDK/rv1106-sdk/tools/linux/toolchain/arm-rockchip830-linux-uclibcgnueabihf/bin/../lib/gcc] ==> dir [/home/irex/WorkSpace/Smart_Glasses/SDK/rv1106-sdk/tools/linux/toolchain/arm-rockchip830-linux-uclibcgnueabihf/bin/../lib/gcc]
    arg [-L/home/irex/WorkSpace/Smart_Glasses/SDK/rv1106-sdk/tools/linux/toolchain/arm-rockchip830-linux-uclibcgnueabihf/bin/../lib/gcc/arm-rockchip830-linux-uclibcgnueabihf/8.3.0/../../../../arm-rockchip830-linux-uclibcgnueabihf/lib] ==> dir [/home/irex/WorkSpace/Smart_Glasses/SDK/rv1106-sdk/tools/linux/toolchain/arm-rockchip830-linux-uclibcgnueabihf/bin/../lib/gcc/arm-rockchip830-linux-uclibcgnueabihf/8.3.0/../../../../arm-rockchip830-linux-uclibcgnueabihf/lib]
    arg [-L/home/irex/WorkSpace/Smart_Glasses/SDK/rv1106-sdk/sysdrv/source/buildroot/buildroot-2023.02.6/output/host/arm-buildroot-linux-uclibcgnueabihf/sysroot/lib] ==> dir [/home/irex/WorkSpace/Smart_Glasses/SDK/rv1106-sdk/sysdrv/source/buildroot/buildroot-2023.02.6/output/host/arm-buildroot-linux-uclibcgnueabihf/sysroot/lib]
    arg [-L/home/irex/WorkSpace/Smart_Glasses/SDK/rv1106-sdk/sysdrv/source/buildroot/buildroot-2023.02.6/output/host/arm-buildroot-linux-uclibcgnueabihf/sysroot/usr/lib] ==> dir [/home/irex/WorkSpace/Smart_Glasses/SDK/rv1106-sdk/sysdrv/source/buildroot/buildroot-2023.02.6/output/host/arm-buildroot-linux-uclibcgnueabihf/sysroot/usr/lib]
    arg [CMakeFiles/cmTC_15682.dir/CMakeCCompilerABI.c.o] ==> ignore
    arg [-lgcc] ==> lib [gcc]
    arg [--as-needed] ==> ignore
    arg [-lgcc_s] ==> lib [gcc_s]
    arg [--no-as-needed] ==> ignore
    arg [-lc] ==> lib [c]
    arg [-lgcc] ==> lib [gcc]
    arg [--as-needed] ==> ignore
    arg [-lgcc_s] ==> lib [gcc_s]
    arg [--no-as-needed] ==> ignore
    arg [/home/irex/WorkSpace/Smart_Glasses/SDK/rv1106-sdk/tools/linux/toolchain/arm-rockchip830-linux-uclibcgnueabihf/bin/../lib/gcc/arm-rockchip830-linux-uclibcgnueabihf/8.3.0/crtend.o] ==> obj [/home/irex/WorkSpace/Smart_Glasses/SDK/rv1106-sdk/tools/linux/toolchain/arm-rockchip830-linux-uclibcgnueabihf/bin/../lib/gcc/arm-rockchip830-linux-uclibcgnueabihf/8.3.0/crtend.o]
    arg [/home/irex/WorkSpace/Smart_Glasses/SDK/rv1106-sdk/sysdrv/source/buildroot/buildroot-2023.02.6/output/host/arm-buildroot-linux-uclibcgnueabihf/sysroot/usr/lib/crtn.o] ==> obj [/home/irex/WorkSpace/Smart_Glasses/SDK/rv1106-sdk/sysdrv/source/buildroot/buildroot-2023.02.6/output/host/arm-buildroot-linux-uclibcgnueabihf/sysroot/usr/lib/crtn.o]
  collapse obj [/home/irex/WorkSpace/Smart_Glasses/SDK/rv1106-sdk/tools/linux/toolchain/arm-rockchip830-linux-uclibcgnueabihf/bin/../lib/gcc/arm-rockchip830-linux-uclibcgnueabihf/8.3.0/crtbegin.o] ==> [/home/irex/WorkSpace/Smart_Glasses/SDK/rv1106-sdk/tools/linux/toolchain/arm-rockchip830-linux-uclibcgnueabihf/lib/gcc/arm-rockchip830-linux-uclibcgnueabihf/8.3.0/crtbegin.o]
  collapse obj [/home/irex/WorkSpace/Smart_Glasses/SDK/rv1106-sdk/tools/linux/toolchain/arm-rockchip830-linux-uclibcgnueabihf/bin/../lib/gcc/arm-rockchip830-linux-uclibcgnueabihf/8.3.0/crtend.o] ==> [/home/irex/WorkSpace/Smart_Glasses/SDK/rv1106-sdk/tools/linux/toolchain/arm-rockchip830-linux-uclibcgnueabihf/lib/gcc/arm-rockchip830-linux-uclibcgnueabihf/8.3.0/crtend.o]
  collapse library dir [/home/irex/WorkSpace/Smart_Glasses/SDK/rv1106-sdk/tools/linux/toolchain/arm-rockchip830-linux-uclibcgnueabihf/bin/../lib/gcc/arm-rockchip830-linux-uclibcgnueabihf/8.3.0] ==> [/home/irex/WorkSpace/Smart_Glasses/SDK/rv1106-sdk/tools/linux/toolchain/arm-rockchip830-linux-uclibcgnueabihf/lib/gcc/arm-rockchip830-linux-uclibcgnueabihf/8.3.0]
  collapse library dir [/home/irex/WorkSpace/Smart_Glasses/SDK/rv1106-sdk/tools/linux/toolchain/arm-rockchip830-linux-uclibcgnueabihf/bin/../lib/gcc] ==> [/home/irex/WorkSpace/Smart_Glasses/SDK/rv1106-sdk/tools/linux/toolchain/arm-rockchip830-linux-uclibcgnueabihf/lib/gcc]
  collapse library dir [/home/irex/WorkSpace/Smart_Glasses/SDK/rv1106-sdk/tools/linux/toolchain/arm-rockchip830-linux-uclibcgnueabihf/bin/../lib/gcc/arm-rockchip830-linux-uclibcgnueabihf/8.3.0/../../../../arm-rockchip830-linux-uclibcgnueabihf/lib] ==> [/home/irex/WorkSpace/Smart_Glasses/SDK/rv1106-sdk/tools/linux/toolchain/arm-rockchip830-linux-uclibcgnueabihf/arm-rockchip830-linux-uclibcgnueabihf/lib]
  collapse library dir [/home/irex/WorkSpace/Smart_Glasses/SDK/rv1106-sdk/sysdrv/source/buildroot/buildroot-2023.02.6/output/host/arm-buildroot-linux-uclibcgnueabihf/sysroot/lib] ==> [/home/irex/WorkSpace/Smart_Glasses/SDK/rv1106-sdk/sysdrv/source/buildroot/buildroot-2023.02.6/output/host/arm-buildroot-linux-uclibcgnueabihf/sysroot/lib]
  collapse library dir [/home/irex/WorkSpace/Smart_Glasses/SDK/rv1106-sdk/sysdrv/source/buildroot/buildroot-2023.02.6/output/host/arm-buildroot-linux-uclibcgnueabihf/sysroot/usr/lib] ==> [/home/irex/WorkSpace/Smart_Glasses/SDK/rv1106-sdk/sysdrv/source/buildroot/buildroot-2023.02.6/output/host/arm-buildroot-linux-uclibcgnueabihf/sysroot/usr/lib]
  implicit libs: [gcc;gcc_s;c;gcc;gcc_s]
  implicit objs: [/home/irex/WorkSpace/Smart_Glasses/SDK/rv1106-sdk/sysdrv/source/buildroot/buildroot-2023.02.6/output/host/arm-buildroot-linux-uclibcgnueabihf/sysroot/usr/lib/crt1.o;/home/irex/WorkSpace/Smart_Glasses/SDK/rv1106-sdk/sysdrv/source/buildroot/buildroot-2023.02.6/output/host/arm-buildroot-linux-uclibcgnueabihf/sysroot/usr/lib/crti.o;/home/irex/WorkSpace/Smart_Glasses/SDK/rv1106-sdk/tools/linux/toolchain/arm-rockchip830-linux-uclibcgnueabihf/lib/gcc/arm-rockchip830-linux-uclibcgnueabihf/8.3.0/crtbegin.o;/home/irex/WorkSpace/Smart_Glasses/SDK/rv1106-sdk/tools/linux/toolchain/arm-rockchip830-linux-uclibcgnueabihf/lib/gcc/arm-rockchip830-linux-uclibcgnueabihf/8.3.0/crtend.o;/home/irex/WorkSpace/Smart_Glasses/SDK/rv1106-sdk/sysdrv/source/buildroot/buildroot-2023.02.6/output/host/arm-buildroot-linux-uclibcgnueabihf/sysroot/usr/lib/crtn.o]
  implicit dirs: [/home/irex/WorkSpace/Smart_Glasses/SDK/rv1106-sdk/tools/linux/toolchain/arm-rockchip830-linux-uclibcgnueabihf/lib/gcc/arm-rockchip830-linux-uclibcgnueabihf/8.3.0;/home/irex/WorkSpace/Smart_Glasses/SDK/rv1106-sdk/tools/linux/toolchain/arm-rockchip830-linux-uclibcgnueabihf/lib/gcc;/home/irex/WorkSpace/Smart_Glasses/SDK/rv1106-sdk/tools/linux/toolchain/arm-rockchip830-linux-uclibcgnueabihf/arm-rockchip830-linux-uclibcgnueabihf/lib;/home/irex/WorkSpace/Smart_Glasses/SDK/rv1106-sdk/sysdrv/source/buildroot/buildroot-2023.02.6/output/host/arm-buildroot-linux-uclibcgnueabihf/sysroot/lib;/home/irex/WorkSpace/Smart_Glasses/SDK/rv1106-sdk/sysdrv/source/buildroot/buildroot-2023.02.6/output/host/arm-buildroot-linux-uclibcgnueabihf/sysroot/usr/lib]
  implicit fwks: []


Detecting CXX compiler ABI info compiled with the following output:
Change Dir: /home/irex/WorkSpace/Smart_Glasses/Demo/Smart_Glasses_demo/build/CMakeFiles/CMakeTmp

Run Build Command(s):/usr/bin/gmake -f Makefile cmTC_ed613/fast && /usr/bin/gmake  -f CMakeFiles/cmTC_ed613.dir/build.make CMakeFiles/cmTC_ed613.dir/build
gmake[1]: Entering directory '/home/irex/WorkSpace/Smart_Glasses/Demo/Smart_Glasses_demo/build/CMakeFiles/CMakeTmp'
Building CXX object CMakeFiles/cmTC_ed613.dir/CMakeCXXCompilerABI.cpp.o
/home/irex/WorkSpace/Smart_Glasses/SDK/rv1106-sdk/tools/linux/toolchain/arm-rockchip830-linux-uclibcgnueabihf/bin/arm-rockchip830-linux-uclibcgnueabihf-g++ --sysroot=/home/irex/WorkSpace/Smart_Glasses/SDK/rv1106-sdk/sysdrv/source/buildroot/buildroot-2023.02.6/output/host/arm-buildroot-linux-uclibcgnueabihf/sysroot   -v -o CMakeFiles/cmTC_ed613.dir/CMakeCXXCompilerABI.cpp.o -c /usr/share/cmake-3.22/Modules/CMakeCXXCompilerABI.cpp
Using built-in specs.
COLLECT_GCC=/home/irex/WorkSpace/Smart_Glasses/SDK/rv1106-sdk/tools/linux/toolchain/arm-rockchip830-linux-uclibcgnueabihf/bin/arm-rockchip830-linux-uclibcgnueabihf-g++
Target: arm-rockchip830-linux-uclibcgnueabihf
Configured with: /opt/.build/arm-rockchip830-linux-uclibcgnueabihf/src/gcc/configure --build=x86_64-build_pc-linux-gnu --host=x86_64-build_pc-linux-gnu --target=arm-rockchip830-linux-uclibcgnueabihf --prefix=/opt/x-tool/arm-rockchip830-linux-uclibcgnueabihf --with-sysroot=/opt/x-tool/arm-rockchip830-linux-uclibcgnueabihf/arm-rockchip830-linux-uclibcgnueabihf/sysroot --enable-languages=c,c++ --with-arch=armv7-a --with-fpu=neon-vfpv4 --with-float=hard --with-pkgversion='crosstool-NG 1.24.0' --enable-__cxa_atexit --disable-libmudflap --disable-libgomp --disable-libssp --disable-libquadmath --disable-libquadmath-support --disable-libsanitizer --disable-libmpx --with-gmp=/opt/.build/arm-rockchip830-linux-uclibcgnueabihf/buildtools --with-mpfr=/opt/.build/arm-rockchip830-linux-uclibcgnueabihf/buildtools --with-mpc=/opt/.build/arm-rockchip830-linux-uclibcgnueabihf/buildtools --with-isl=/opt/.build/arm-rockchip830-linux-uclibcgnueabihf/buildtools --enable-lto --with-host-libstdcxx='-static-libgcc -Wl,-Bstatic,-lstdc++,-Bdynamic -lm' --enable-threads=posix --enable-target-optspace --enable-plugin --enable-gold --disable-nls --disable-multilib --with-local-prefix=/opt/x-tool/arm-rockchip830-linux-uclibcgnueabihf/arm-rockchip830-linux-uclibcgnueabihf/sysroot --enable-long-long
Thread model: posix
gcc version 8.3.0 (crosstool-NG 1.24.0) 
COLLECT_GCC_OPTIONS='-v' '-o' 'CMakeFiles/cmTC_ed613.dir/CMakeCXXCompilerABI.cpp.o' '-c' '-shared-libgcc'  '-mfloat-abi=hard' '-mfpu=neon-vfpv4' '-mtls-dialect=gnu' '-marm' '-march=armv7-a+neon-vfpv4'
 /home/irex/WorkSpace/Smart_Glasses/SDK/rv1106-sdk/tools/linux/toolchain/arm-rockchip830-linux-uclibcgnueabihf/bin/../libexec/gcc/arm-rockchip830-linux-uclibcgnueabihf/8.3.0/cc1plus -quiet -v -iprefix /home/irex/WorkSpace/Smart_Glasses/SDK/rv1106-sdk/tools/linux/toolchain/arm-rockchip830-linux-uclibcgnueabihf/bin/../lib/gcc/arm-rockchip830-linux-uclibcgnueabihf/8.3.0/ -isysroot /home/irex/WorkSpace/Smart_Glasses/SDK/rv1106-sdk/sysdrv/source/buildroot/buildroot-2023.02.6/output/host/arm-buildroot-linux-uclibcgnueabihf/sysroot -D_GNU_SOURCE /usr/share/cmake-3.22/Modules/CMakeCXXCompilerABI.cpp -quiet -dumpbase CMakeCXXCompilerABI.cpp -mfloat-abi=hard -mfpu=neon-vfpv4 -mtls-dialect=gnu -marm -march=armv7-a+neon-vfpv4 -auxbase-strip CMakeFiles/cmTC_ed613.dir/CMakeCXXCompilerABI.cpp.o -version -o /tmp/ccLxBf8Z.s
GNU C++14 (crosstool-NG 1.24.0) version 8.3.0 (arm-rockchip830-linux-uclibcgnueabihf)
	compiled by GNU C version 5.4.0 20160609, GMP version 6.1.2, MPFR version 4.0.2, MPC version 1.1.0, isl version isl-0.24-GMP

GGC heuristics: --param ggc-min-expand=100 --param ggc-min-heapsize=131072
ignoring duplicate directory "/home/irex/WorkSpace/Smart_Glasses/SDK/rv1106-sdk/tools/linux/toolchain/arm-rockchip830-linux-uclibcgnueabihf/bin/../lib/gcc/../../lib/gcc/arm-rockchip830-linux-uclibcgnueabihf/8.3.0/../../../../arm-rockchip830-linux-uclibcgnueabihf/include/c++/8.3.0"
ignoring duplicate directory "/home/irex/WorkSpace/Smart_Glasses/SDK/rv1106-sdk/tools/linux/toolchain/arm-rockchip830-linux-uclibcgnueabihf/bin/../lib/gcc/../../lib/gcc/arm-rockchip830-linux-uclibcgnueabihf/8.3.0/../../../../arm-rockchip830-linux-uclibcgnueabihf/include/c++/8.3.0/arm-rockchip830-linux-uclibcgnueabihf"
ignoring duplicate directory "/home/irex/WorkSpace/Smart_Glasses/SDK/rv1106-sdk/tools/linux/toolchain/arm-rockchip830-linux-uclibcgnueabihf/bin/../lib/gcc/../../lib/gcc/arm-rockchip830-linux-uclibcgnueabihf/8.3.0/../../../../arm-rockchip830-linux-uclibcgnueabihf/include/c++/8.3.0/backward"
ignoring duplicate directory "/home/irex/WorkSpace/Smart_Glasses/SDK/rv1106-sdk/tools/linux/toolchain/arm-rockchip830-linux-uclibcgnueabihf/bin/../lib/gcc/../../lib/gcc/arm-rockchip830-linux-uclibcgnueabihf/8.3.0/include"
ignoring nonexistent directory "/home/irex/WorkSpace/Smart_Glasses/SDK/rv1106-sdk/sysdrv/source/buildroot/buildroot-2023.02.6/output/host/arm-buildroot-linux-uclibcgnueabihf/sysroot/opt/x-tool/arm-rockchip830-linux-uclibcgnueabihf/arm-rockchip830-linux-uclibcgnueabihf/sysroot/include"
ignoring duplicate directory "/home/irex/WorkSpace/Smart_Glasses/SDK/rv1106-sdk/tools/linux/toolchain/arm-rockchip830-linux-uclibcgnueabihf/bin/../lib/gcc/../../lib/gcc/arm-rockchip830-linux-uclibcgnueabihf/8.3.0/include-fixed"
ignoring duplicate directory "/home/irex/WorkSpace/Smart_Glasses/SDK/rv1106-sdk/tools/linux/toolchain/arm-rockchip830-linux-uclibcgnueabihf/bin/../lib/gcc/../../lib/gcc/arm-rockchip830-linux-uclibcgnueabihf/8.3.0/../../../../arm-rockchip830-linux-uclibcgnueabihf/include"
#include "..." search starts here:
#include <...> search starts here:
 /home/irex/WorkSpace/Smart_Glasses/SDK/rv1106-sdk/tools/linux/toolchain/arm-rockchip830-linux-uclibcgnueabihf/bin/../lib/gcc/arm-rockchip830-linux-uclibcgnueabihf/8.3.0/../../../../arm-rockchip830-linux-uclibcgnueabihf/include/c++/8.3.0
 /home/irex/WorkSpace/Smart_Glasses/SDK/rv1106-sdk/tools/linux/toolchain/arm-rockchip830-linux-uclibcgnueabihf/bin/../lib/gcc/arm-rockchip830-linux-uclibcgnueabihf/8.3.0/../../../../arm-rockchip830-linux-uclibcgnueabihf/include/c++/8.3.0/arm-rockchip830-linux-uclibcgnueabihf
 /home/irex/WorkSpace/Smart_Glasses/SDK/rv1106-sdk/tools/linux/toolchain/arm-rockchip830-linux-uclibcgnueabihf/bin/../lib/gcc/arm-rockchip830-linux-uclibcgnueabihf/8.3.0/../../../../arm-rockchip830-linux-uclibcgnueabihf/include/c++/8.3.0/backward
 /home/irex/WorkSpace/Smart_Glasses/SDK/rv1106-sdk/tools/linux/toolchain/arm-rockchip830-linux-uclibcgnueabihf/bin/../lib/gcc/arm-rockchip830-linux-uclibcgnueabihf/8.3.0/include
 /home/irex/WorkSpace/Smart_Glasses/SDK/rv1106-sdk/tools/linux/toolchain/arm-rockchip830-linux-uclibcgnueabihf/bin/../lib/gcc/arm-rockchip830-linux-uclibcgnueabihf/8.3.0/include-fixed
 /home/irex/WorkSpace/Smart_Glasses/SDK/rv1106-sdk/tools/linux/toolchain/arm-rockchip830-linux-uclibcgnueabihf/bin/../lib/gcc/arm-rockchip830-linux-uclibcgnueabihf/8.3.0/../../../../arm-rockchip830-linux-uclibcgnueabihf/include
 /home/irex/WorkSpace/Smart_Glasses/SDK/rv1106-sdk/sysdrv/source/buildroot/buildroot-2023.02.6/output/host/arm-buildroot-linux-uclibcgnueabihf/sysroot/usr/include
End of search list.
GNU C++14 (crosstool-NG 1.24.0) version 8.3.0 (arm-rockchip830-linux-uclibcgnueabihf)
	compiled by GNU C version 5.4.0 20160609, GMP version 6.1.2, MPFR version 4.0.2, MPC version 1.1.0, isl version isl-0.24-GMP

GGC heuristics: --param ggc-min-expand=100 --param ggc-min-heapsize=131072
Compiler executable checksum: d5c264ef54524d60c06e4776bc6f681b
COLLECT_GCC_OPTIONS='-v' '-o' 'CMakeFiles/cmTC_ed613.dir/CMakeCXXCompilerABI.cpp.o' '-c' '-shared-libgcc'  '-mfloat-abi=hard' '-mfpu=neon-vfpv4' '-mtls-dialect=gnu' '-marm' '-march=armv7-a+neon-vfpv4'
 /home/irex/WorkSpace/Smart_Glasses/SDK/rv1106-sdk/tools/linux/toolchain/arm-rockchip830-linux-uclibcgnueabihf/bin/../lib/gcc/arm-rockchip830-linux-uclibcgnueabihf/8.3.0/../../../../arm-rockchip830-linux-uclibcgnueabihf/bin/as -v -march=armv7-a -mfloat-abi=hard -mfpu=neon-vfpv4 -meabi=5 -o CMakeFiles/cmTC_ed613.dir/CMakeCXXCompilerABI.cpp.o /tmp/ccLxBf8Z.s
GNU assembler version 2.32 (arm-rockchip830-linux-uclibcgnueabihf) using BFD version (crosstool-NG 1.24.0) 2.32
COMPILER_PATH=/home/irex/WorkSpace/Smart_Glasses/SDK/rv1106-sdk/tools/linux/toolchain/arm-rockchip830-linux-uclibcgnueabihf/bin/../libexec/gcc/arm-rockchip830-linux-uclibcgnueabihf/8.3.0/:/home/irex/WorkSpace/Smart_Glasses/SDK/rv1106-sdk/tools/linux/toolchain/arm-rockchip830-linux-uclibcgnueabihf/bin/../libexec/gcc/:/home/irex/WorkSpace/Smart_Glasses/SDK/rv1106-sdk/tools/linux/toolchain/arm-rockchip830-linux-uclibcgnueabihf/bin/../lib/gcc/arm-rockchip830-linux-uclibcgnueabihf/8.3.0/../../../../arm-rockchip830-linux-uclibcgnueabihf/bin/
LIBRARY_PATH=/home/irex/WorkSpace/Smart_Glasses/SDK/rv1106-sdk/tools/linux/toolchain/arm-rockchip830-linux-uclibcgnueabihf/bin/../lib/gcc/arm-rockchip830-linux-uclibcgnueabihf/8.3.0/:/home/irex/WorkSpace/Smart_Glasses/SDK/rv1106-sdk/tools/linux/toolchain/arm-rockchip830-linux-uclibcgnueabihf/bin/../lib/gcc/:/home/irex/WorkSpace/Smart_Glasses/SDK/rv1106-sdk/tools/linux/toolchain/arm-rockchip830-linux-uclibcgnueabihf/bin/../lib/gcc/arm-rockchip830-linux-uclibcgnueabihf/8.3.0/../../../../arm-rockchip830-linux-uclibcgnueabihf/lib/:/home/irex/WorkSpace/Smart_Glasses/SDK/rv1106-sdk/sysdrv/source/buildroot/buildroot-2023.02.6/output/host/arm-buildroot-linux-uclibcgnueabihf/sysroot/lib/:/home/irex/WorkSpace/Smart_Glasses/SDK/rv1106-sdk/sysdrv/source/buildroot/buildroot-2023.02.6/output/host/arm-buildroot-linux-uclibcgnueabihf/sysroot/usr/lib/
COLLECT_GCC_OPTIONS='-v' '-o' 'CMakeFiles/cmTC_ed613.dir/CMakeCXXCompilerABI.cpp.o' '-c' '-shared-libgcc'  '-mfloat-abi=hard' '-mfpu=neon-vfpv4' '-mtls-dialect=gnu' '-marm' '-march=armv7-a+neon-vfpv4'
Linking CXX executable cmTC_ed613
/usr/bin/cmake -E cmake_link_script CMakeFiles/cmTC_ed613.dir/link.txt --verbose=1
/home/irex/WorkSpace/Smart_Glasses/SDK/rv1106-sdk/tools/linux/toolchain/arm-rockchip830-linux-uclibcgnueabihf/bin/arm-rockchip830-linux-uclibcgnueabihf-g++ --sysroot=/home/irex/WorkSpace/Smart_Glasses/SDK/rv1106-sdk/sysdrv/source/buildroot/buildroot-2023.02.6/output/host/arm-buildroot-linux-uclibcgnueabihf/sysroot  -v CMakeFiles/cmTC_ed613.dir/CMakeCXXCompilerABI.cpp.o -o cmTC_ed613 
Using built-in specs.
COLLECT_GCC=/home/irex/WorkSpace/Smart_Glasses/SDK/rv1106-sdk/tools/linux/toolchain/arm-rockchip830-linux-uclibcgnueabihf/bin/arm-rockchip830-linux-uclibcgnueabihf-g++
COLLECT_LTO_WRAPPER=/home/irex/WorkSpace/Smart_Glasses/SDK/rv1106-sdk/tools/linux/toolchain/arm-rockchip830-linux-uclibcgnueabihf/bin/../libexec/gcc/arm-rockchip830-linux-uclibcgnueabihf/8.3.0/lto-wrapper
Target: arm-rockchip830-linux-uclibcgnueabihf
Configured with: /opt/.build/arm-rockchip830-linux-uclibcgnueabihf/src/gcc/configure --build=x86_64-build_pc-linux-gnu --host=x86_64-build_pc-linux-gnu --target=arm-rockchip830-linux-uclibcgnueabihf --prefix=/opt/x-tool/arm-rockchip830-linux-uclibcgnueabihf --with-sysroot=/opt/x-tool/arm-rockchip830-linux-uclibcgnueabihf/arm-rockchip830-linux-uclibcgnueabihf/sysroot --enable-languages=c,c++ --with-arch=armv7-a --with-fpu=neon-vfpv4 --with-float=hard --with-pkgversion='crosstool-NG 1.24.0' --enable-__cxa_atexit --disable-libmudflap --disable-libgomp --disable-libssp --disable-libquadmath --disable-libquadmath-support --disable-libsanitizer --disable-libmpx --with-gmp=/opt/.build/arm-rockchip830-linux-uclibcgnueabihf/buildtools --with-mpfr=/opt/.build/arm-rockchip830-linux-uclibcgnueabihf/buildtools --with-mpc=/opt/.build/arm-rockchip830-linux-uclibcgnueabihf/buildtools --with-isl=/opt/.build/arm-rockchip830-linux-uclibcgnueabihf/buildtools --enable-lto --with-host-libstdcxx='-static-libgcc -Wl,-Bstatic,-lstdc++,-Bdynamic -lm' --enable-threads=posix --enable-target-optspace --enable-plugin --enable-gold --disable-nls --disable-multilib --with-local-prefix=/opt/x-tool/arm-rockchip830-linux-uclibcgnueabihf/arm-rockchip830-linux-uclibcgnueabihf/sysroot --enable-long-long
Thread model: posix
gcc version 8.3.0 (crosstool-NG 1.24.0) 
COMPILER_PATH=/home/irex/WorkSpace/Smart_Glasses/SDK/rv1106-sdk/tools/linux/toolchain/arm-rockchip830-linux-uclibcgnueabihf/bin/../libexec/gcc/arm-rockchip830-linux-uclibcgnueabihf/8.3.0/:/home/irex/WorkSpace/Smart_Glasses/SDK/rv1106-sdk/tools/linux/toolchain/arm-rockchip830-linux-uclibcgnueabihf/bin/../libexec/gcc/:/home/irex/WorkSpace/Smart_Glasses/SDK/rv1106-sdk/tools/linux/toolchain/arm-rockchip830-linux-uclibcgnueabihf/bin/../lib/gcc/arm-rockchip830-linux-uclibcgnueabihf/8.3.0/../../../../arm-rockchip830-linux-uclibcgnueabihf/bin/
LIBRARY_PATH=/home/irex/WorkSpace/Smart_Glasses/SDK/rv1106-sdk/tools/linux/toolchain/arm-rockchip830-linux-uclibcgnueabihf/bin/../lib/gcc/arm-rockchip830-linux-uclibcgnueabihf/8.3.0/:/home/irex/WorkSpace/Smart_Glasses/SDK/rv1106-sdk/tools/linux/toolchain/arm-rockchip830-linux-uclibcgnueabihf/bin/../lib/gcc/:/home/irex/WorkSpace/Smart_Glasses/SDK/rv1106-sdk/tools/linux/toolchain/arm-rockchip830-linux-uclibcgnueabihf/bin/../lib/gcc/arm-rockchip830-linux-uclibcgnueabihf/8.3.0/../../../../arm-rockchip830-linux-uclibcgnueabihf/lib/:/home/irex/WorkSpace/Smart_Glasses/SDK/rv1106-sdk/sysdrv/source/buildroot/buildroot-2023.02.6/output/host/arm-buildroot-linux-uclibcgnueabihf/sysroot/lib/:/home/irex/WorkSpace/Smart_Glasses/SDK/rv1106-sdk/sysdrv/source/buildroot/buildroot-2023.02.6/output/host/arm-buildroot-linux-uclibcgnueabihf/sysroot/usr/lib/
COLLECT_GCC_OPTIONS='-v' '-o' 'cmTC_ed613' '-shared-libgcc'  '-mfloat-abi=hard' '-mfpu=neon-vfpv4' '-mtls-dialect=gnu' '-marm' '-march=armv7-a+neon-vfpv4'
 /home/irex/WorkSpace/Smart_Glasses/SDK/rv1106-sdk/tools/linux/toolchain/arm-rockchip830-linux-uclibcgnueabihf/bin/../libexec/gcc/arm-rockchip830-linux-uclibcgnueabihf/8.3.0/collect2 -plugin /home/irex/WorkSpace/Smart_Glasses/SDK/rv1106-sdk/tools/linux/toolchain/arm-rockchip830-linux-uclibcgnueabihf/bin/../libexec/gcc/arm-rockchip830-linux-uclibcgnueabihf/8.3.0/liblto_plugin.so -plugin-opt=/home/irex/WorkSpace/Smart_Glasses/SDK/rv1106-sdk/tools/linux/toolchain/arm-rockchip830-linux-uclibcgnueabihf/bin/../libexec/gcc/arm-rockchip830-linux-uclibcgnueabihf/8.3.0/lto-wrapper -plugin-opt=-fresolution=/tmp/cc75D4nU.res -plugin-opt=-pass-through=-lgcc_s -plugin-opt=-pass-through=-lgcc -plugin-opt=-pass-through=-lc -plugin-opt=-pass-through=-lgcc_s -plugin-opt=-pass-through=-lgcc --sysroot=/home/irex/WorkSpace/Smart_Glasses/SDK/rv1106-sdk/sysdrv/source/buildroot/buildroot-2023.02.6/output/host/arm-buildroot-linux-uclibcgnueabihf/sysroot --eh-frame-hdr -dynamic-linker /lib/ld-uClibc.so.0 -X -m armelf_linux_eabi -o cmTC_ed613 /home/irex/WorkSpace/Smart_Glasses/SDK/rv1106-sdk/sysdrv/source/buildroot/buildroot-2023.02.6/output/host/arm-buildroot-linux-uclibcgnueabihf/sysroot/usr/lib/crt1.o /home/irex/WorkSpace/Smart_Glasses/SDK/rv1106-sdk/sysdrv/source/buildroot/buildroot-2023.02.6/output/host/arm-buildroot-linux-uclibcgnueabihf/sysroot/usr/lib/crti.o /home/irex/WorkSpace/Smart_Glasses/SDK/rv1106-sdk/tools/linux/toolchain/arm-rockchip830-linux-uclibcgnueabihf/bin/../lib/gcc/arm-rockchip830-linux-uclibcgnueabihf/8.3.0/crtbegin.o -L/home/irex/WorkSpace/Smart_Glasses/SDK/rv1106-sdk/tools/linux/toolchain/arm-rockchip830-linux-uclibcgnueabihf/bin/../lib/gcc/arm-rockchip830-linux-uclibcgnueabihf/8.3.0 -L/home/irex/WorkSpace/Smart_Glasses/SDK/rv1106-sdk/tools/linux/toolchain/arm-rockchip830-linux-uclibcgnueabihf/bin/../lib/gcc -L/home/irex/WorkSpace/Smart_Glasses/SDK/rv1106-sdk/tools/linux/toolchain/arm-rockchip830-linux-uclibcgnueabihf/bin/../lib/gcc/arm-rockchip830-linux-uclibcgnueabihf/8.3.0/../../../../arm-rockchip830-linux-uclibcgnueabihf/lib -L/home/irex/WorkSpace/Smart_Glasses/SDK/rv1106-sdk/sysdrv/source/buildroot/buildroot-2023.02.6/output/host/arm-buildroot-linux-uclibcgnueabihf/sysroot/lib -L/home/irex/WorkSpace/Smart_Glasses/SDK/rv1106-sdk/sysdrv/source/buildroot/buildroot-2023.02.6/output/host/arm-buildroot-linux-uclibcgnueabihf/sysroot/usr/lib CMakeFiles/cmTC_ed613.dir/CMakeCXXCompilerABI.cpp.o -lstdc++ -lm -lgcc_s -lgcc -lc -lgcc_s -lgcc /home/irex/WorkSpace/Smart_Glasses/SDK/rv1106-sdk/tools/linux/toolchain/arm-rockchip830-linux-uclibcgnueabihf/bin/../lib/gcc/arm-rockchip830-linux-uclibcgnueabihf/8.3.0/crtend.o /home/irex/WorkSpace/Smart_Glasses/SDK/rv1106-sdk/sysdrv/source/buildroot/buildroot-2023.02.6/output/host/arm-buildroot-linux-uclibcgnueabihf/sysroot/usr/lib/crtn.o
COLLECT_GCC_OPTIONS='-v' '-o' 'cmTC_ed613' '-shared-libgcc'  '-mfloat-abi=hard' '-mfpu=neon-vfpv4' '-mtls-dialect=gnu' '-marm' '-march=armv7-a+neon-vfpv4'
gmake[1]: Leaving directory '/home/irex/WorkSpace/Smart_Glasses/Demo/Smart_Glasses_demo/build/CMakeFiles/CMakeTmp'



Parsed CXX implicit include dir info from above output: rv=done
  found start of include info
  found start of implicit include info
    add: [/home/irex/WorkSpace/Smart_Glasses/SDK/rv1106-sdk/tools/linux/toolchain/arm-rockchip830-linux-uclibcgnueabihf/bin/../lib/gcc/arm-rockchip830-linux-uclibcgnueabihf/8.3.0/../../../../arm-rockchip830-linux-uclibcgnueabihf/include/c++/8.3.0]
    add: [/home/irex/WorkSpace/Smart_Glasses/SDK/rv1106-sdk/tools/linux/toolchain/arm-rockchip830-linux-uclibcgnueabihf/bin/../lib/gcc/arm-rockchip830-linux-uclibcgnueabihf/8.3.0/../../../../arm-rockchip830-linux-uclibcgnueabihf/include/c++/8.3.0/arm-rockchip830-linux-uclibcgnueabihf]
    add: [/home/irex/WorkSpace/Smart_Glasses/SDK/rv1106-sdk/tools/linux/toolchain/arm-rockchip830-linux-uclibcgnueabihf/bin/../lib/gcc/arm-rockchip830-linux-uclibcgnueabihf/8.3.0/../../../../arm-rockchip830-linux-uclibcgnueabihf/include/c++/8.3.0/backward]
    add: [/home/irex/WorkSpace/Smart_Glasses/SDK/rv1106-sdk/tools/linux/toolchain/arm-rockchip830-linux-uclibcgnueabihf/bin/../lib/gcc/arm-rockchip830-linux-uclibcgnueabihf/8.3.0/include]
    add: [/home/irex/WorkSpace/Smart_Glasses/SDK/rv1106-sdk/tools/linux/toolchain/arm-rockchip830-linux-uclibcgnueabihf/bin/../lib/gcc/arm-rockchip830-linux-uclibcgnueabihf/8.3.0/include-fixed]
    add: [/home/irex/WorkSpace/Smart_Glasses/SDK/rv1106-sdk/tools/linux/toolchain/arm-rockchip830-linux-uclibcgnueabihf/bin/../lib/gcc/arm-rockchip830-linux-uclibcgnueabihf/8.3.0/../../../../arm-rockchip830-linux-uclibcgnueabihf/include]
    add: [/home/irex/WorkSpace/Smart_Glasses/SDK/rv1106-sdk/sysdrv/source/buildroot/buildroot-2023.02.6/output/host/arm-buildroot-linux-uclibcgnueabihf/sysroot/usr/include]
  end of search list found
  collapse include dir [/home/irex/WorkSpace/Smart_Glasses/SDK/rv1106-sdk/tools/linux/toolchain/arm-rockchip830-linux-uclibcgnueabihf/bin/../lib/gcc/arm-rockchip830-linux-uclibcgnueabihf/8.3.0/../../../../arm-rockchip830-linux-uclibcgnueabihf/include/c++/8.3.0] ==> [/home/irex/WorkSpace/Smart_Glasses/SDK/rv1106-sdk/tools/linux/toolchain/arm-rockchip830-linux-uclibcgnueabihf/arm-rockchip830-linux-uclibcgnueabihf/include/c++/8.3.0]
  collapse include dir [/home/irex/WorkSpace/Smart_Glasses/SDK/rv1106-sdk/tools/linux/toolchain/arm-rockchip830-linux-uclibcgnueabihf/bin/../lib/gcc/arm-rockchip830-linux-uclibcgnueabihf/8.3.0/../../../../arm-rockchip830-linux-uclibcgnueabihf/include/c++/8.3.0/arm-rockchip830-linux-uclibcgnueabihf] ==> [/home/irex/WorkSpace/Smart_Glasses/SDK/rv1106-sdk/tools/linux/toolchain/arm-rockchip830-linux-uclibcgnueabihf/arm-rockchip830-linux-uclibcgnueabihf/include/c++/8.3.0/arm-rockchip830-linux-uclibcgnueabihf]
  collapse include dir [/home/irex/WorkSpace/Smart_Glasses/SDK/rv1106-sdk/tools/linux/toolchain/arm-rockchip830-linux-uclibcgnueabihf/bin/../lib/gcc/arm-rockchip830-linux-uclibcgnueabihf/8.3.0/../../../../arm-rockchip830-linux-uclibcgnueabihf/include/c++/8.3.0/backward] ==> [/home/irex/WorkSpace/Smart_Glasses/SDK/rv1106-sdk/tools/linux/toolchain/arm-rockchip830-linux-uclibcgnueabihf/arm-rockchip830-linux-uclibcgnueabihf/include/c++/8.3.0/backward]
  collapse include dir [/home/irex/WorkSpace/Smart_Glasses/SDK/rv1106-sdk/tools/linux/toolchain/arm-rockchip830-linux-uclibcgnueabihf/bin/../lib/gcc/arm-rockchip830-linux-uclibcgnueabihf/8.3.0/include] ==> [/home/irex/WorkSpace/Smart_Glasses/SDK/rv1106-sdk/tools/linux/toolchain/arm-rockchip830-linux-uclibcgnueabihf/lib/gcc/arm-rockchip830-linux-uclibcgnueabihf/8.3.0/include]
  collapse include dir [/home/irex/WorkSpace/Smart_Glasses/SDK/rv1106-sdk/tools/linux/toolchain/arm-rockchip830-linux-uclibcgnueabihf/bin/../lib/gcc/arm-rockchip830-linux-uclibcgnueabihf/8.3.0/include-fixed] ==> [/home/irex/WorkSpace/Smart_Glasses/SDK/rv1106-sdk/tools/linux/toolchain/arm-rockchip830-linux-uclibcgnueabihf/lib/gcc/arm-rockchip830-linux-uclibcgnueabihf/8.3.0/include-fixed]
  collapse include dir [/home/irex/WorkSpace/Smart_Glasses/SDK/rv1106-sdk/tools/linux/toolchain/arm-rockchip830-linux-uclibcgnueabihf/bin/../lib/gcc/arm-rockchip830-linux-uclibcgnueabihf/8.3.0/../../../../arm-rockchip830-linux-uclibcgnueabihf/include] ==> [/home/irex/WorkSpace/Smart_Glasses/SDK/rv1106-sdk/tools/linux/toolchain/arm-rockchip830-linux-uclibcgnueabihf/arm-rockchip830-linux-uclibcgnueabihf/include]
  collapse include dir [/home/irex/WorkSpace/Smart_Glasses/SDK/rv1106-sdk/sysdrv/source/buildroot/buildroot-2023.02.6/output/host/arm-buildroot-linux-uclibcgnueabihf/sysroot/usr/include] ==> [/home/irex/WorkSpace/Smart_Glasses/SDK/rv1106-sdk/sysdrv/source/buildroot/buildroot-2023.02.6/output/host/arm-buildroot-linux-uclibcgnueabihf/sysroot/usr/include]
  implicit include dirs: [/home/irex/WorkSpace/Smart_Glasses/SDK/rv1106-sdk/tools/linux/toolchain/arm-rockchip830-linux-uclibcgnueabihf/arm-rockchip830-linux-uclibcgnueabihf/include/c++/8.3.0;/home/irex/WorkSpace/Smart_Glasses/SDK/rv1106-sdk/tools/linux/toolchain/arm-rockchip830-linux-uclibcgnueabihf/arm-rockchip830-linux-uclibcgnueabihf/include/c++/8.3.0/arm-rockchip830-linux-uclibcgnueabihf;/home/irex/WorkSpace/Smart_Glasses/SDK/rv1106-sdk/tools/linux/toolchain/arm-rockchip830-linux-uclibcgnueabihf/arm-rockchip830-linux-uclibcgnueabihf/include/c++/8.3.0/backward;/home/irex/WorkSpace/Smart_Glasses/SDK/rv1106-sdk/tools/linux/toolchain/arm-rockchip830-linux-uclibcgnueabihf/lib/gcc/arm-rockchip830-linux-uclibcgnueabihf/8.3.0/include;/home/irex/WorkSpace/Smart_Glasses/SDK/rv1106-sdk/tools/linux/toolchain/arm-rockchip830-linux-uclibcgnueabihf/lib/gcc/arm-rockchip830-linux-uclibcgnueabihf/8.3.0/include-fixed;/home/irex/WorkSpace/Smart_Glasses/SDK/rv1106-sdk/tools/linux/toolchain/arm-rockchip830-linux-uclibcgnueabihf/arm-rockchip830-linux-uclibcgnueabihf/include;/home/irex/WorkSpace/Smart_Glasses/SDK/rv1106-sdk/sysdrv/source/buildroot/buildroot-2023.02.6/output/host/arm-buildroot-linux-uclibcgnueabihf/sysroot/usr/include]


Parsed CXX implicit link information from above output:
  link line regex: [^( *|.*[/\])(arm-rockchip830-linux-uclibcgnueabihf-ld|CMAKE_LINK_STARTFILE-NOTFOUND|([^/\]+-)?ld|collect2)[^/\]*( |$)]
  ignore line: [Change Dir: /home/irex/WorkSpace/Smart_Glasses/Demo/Smart_Glasses_demo/build/CMakeFiles/CMakeTmp]
  ignore line: []
  ignore line: [Run Build Command(s):/usr/bin/gmake -f Makefile cmTC_ed613/fast && /usr/bin/gmake  -f CMakeFiles/cmTC_ed613.dir/build.make CMakeFiles/cmTC_ed613.dir/build]
  ignore line: [gmake[1]: Entering directory '/home/irex/WorkSpace/Smart_Glasses/Demo/Smart_Glasses_demo/build/CMakeFiles/CMakeTmp']
  ignore line: [Building CXX object CMakeFiles/cmTC_ed613.dir/CMakeCXXCompilerABI.cpp.o]
  ignore line: [/home/irex/WorkSpace/Smart_Glasses/SDK/rv1106-sdk/tools/linux/toolchain/arm-rockchip830-linux-uclibcgnueabihf/bin/arm-rockchip830-linux-uclibcgnueabihf-g++ --sysroot=/home/irex/WorkSpace/Smart_Glasses/SDK/rv1106-sdk/sysdrv/source/buildroot/buildroot-2023.02.6/output/host/arm-buildroot-linux-uclibcgnueabihf/sysroot   -v -o CMakeFiles/cmTC_ed613.dir/CMakeCXXCompilerABI.cpp.o -c /usr/share/cmake-3.22/Modules/CMakeCXXCompilerABI.cpp]
  ignore line: [Using built-in specs.]
  ignore line: [COLLECT_GCC=/home/irex/WorkSpace/Smart_Glasses/SDK/rv1106-sdk/tools/linux/toolchain/arm-rockchip830-linux-uclibcgnueabihf/bin/arm-rockchip830-linux-uclibcgnueabihf-g++]
  ignore line: [Target: arm-rockchip830-linux-uclibcgnueabihf]
  ignore line: [Configured with: /opt/.build/arm-rockchip830-linux-uclibcgnueabihf/src/gcc/configure --build=x86_64-build_pc-linux-gnu --host=x86_64-build_pc-linux-gnu --target=arm-rockchip830-linux-uclibcgnueabihf --prefix=/opt/x-tool/arm-rockchip830-linux-uclibcgnueabihf --with-sysroot=/opt/x-tool/arm-rockchip830-linux-uclibcgnueabihf/arm-rockchip830-linux-uclibcgnueabihf/sysroot --enable-languages=c c++ --with-arch=armv7-a --with-fpu=neon-vfpv4 --with-float=hard --with-pkgversion='crosstool-NG 1.24.0' --enable-__cxa_atexit --disable-libmudflap --disable-libgomp --disable-libssp --disable-libquadmath --disable-libquadmath-support --disable-libsanitizer --disable-libmpx --with-gmp=/opt/.build/arm-rockchip830-linux-uclibcgnueabihf/buildtools --with-mpfr=/opt/.build/arm-rockchip830-linux-uclibcgnueabihf/buildtools --with-mpc=/opt/.build/arm-rockchip830-linux-uclibcgnueabihf/buildtools --with-isl=/opt/.build/arm-rockchip830-linux-uclibcgnueabihf/buildtools --enable-lto --with-host-libstdcxx='-static-libgcc -Wl -Bstatic -lstdc++ -Bdynamic -lm' --enable-threads=posix --enable-target-optspace --enable-plugin --enable-gold --disable-nls --disable-multilib --with-local-prefix=/opt/x-tool/arm-rockchip830-linux-uclibcgnueabihf/arm-rockchip830-linux-uclibcgnueabihf/sysroot --enable-long-long]
  ignore line: [Thread model: posix]
  ignore line: [gcc version 8.3.0 (crosstool-NG 1.24.0) ]
  ignore line: [COLLECT_GCC_OPTIONS='-v' '-o' 'CMakeFiles/cmTC_ed613.dir/CMakeCXXCompilerABI.cpp.o' '-c' '-shared-libgcc'  '-mfloat-abi=hard' '-mfpu=neon-vfpv4' '-mtls-dialect=gnu' '-marm' '-march=armv7-a+neon-vfpv4']
  ignore line: [ /home/irex/WorkSpace/Smart_Glasses/SDK/rv1106-sdk/tools/linux/toolchain/arm-rockchip830-linux-uclibcgnueabihf/bin/../libexec/gcc/arm-rockchip830-linux-uclibcgnueabihf/8.3.0/cc1plus -quiet -v -iprefix /home/irex/WorkSpace/Smart_Glasses/SDK/rv1106-sdk/tools/linux/toolchain/arm-rockchip830-linux-uclibcgnueabihf/bin/../lib/gcc/arm-rockchip830-linux-uclibcgnueabihf/8.3.0/ -isysroot /home/irex/WorkSpace/Smart_Glasses/SDK/rv1106-sdk/sysdrv/source/buildroot/buildroot-2023.02.6/output/host/arm-buildroot-linux-uclibcgnueabihf/sysroot -D_GNU_SOURCE /usr/share/cmake-3.22/Modules/CMakeCXXCompilerABI.cpp -quiet -dumpbase CMakeCXXCompilerABI.cpp -mfloat-abi=hard -mfpu=neon-vfpv4 -mtls-dialect=gnu -marm -march=armv7-a+neon-vfpv4 -auxbase-strip CMakeFiles/cmTC_ed613.dir/CMakeCXXCompilerABI.cpp.o -version -o /tmp/ccLxBf8Z.s]
  ignore line: [GNU C++14 (crosstool-NG 1.24.0) version 8.3.0 (arm-rockchip830-linux-uclibcgnueabihf)]
  ignore line: [	compiled by GNU C version 5.4.0 20160609  GMP version 6.1.2  MPFR version 4.0.2  MPC version 1.1.0  isl version isl-0.24-GMP]
  ignore line: []
  ignore line: [GGC heuristics: --param ggc-min-expand=100 --param ggc-min-heapsize=131072]
  ignore line: [ignoring duplicate directory "/home/irex/WorkSpace/Smart_Glasses/SDK/rv1106-sdk/tools/linux/toolchain/arm-rockchip830-linux-uclibcgnueabihf/bin/../lib/gcc/../../lib/gcc/arm-rockchip830-linux-uclibcgnueabihf/8.3.0/../../../../arm-rockchip830-linux-uclibcgnueabihf/include/c++/8.3.0"]
  ignore line: [ignoring duplicate directory "/home/irex/WorkSpace/Smart_Glasses/SDK/rv1106-sdk/tools/linux/toolchain/arm-rockchip830-linux-uclibcgnueabihf/bin/../lib/gcc/../../lib/gcc/arm-rockchip830-linux-uclibcgnueabihf/8.3.0/../../../../arm-rockchip830-linux-uclibcgnueabihf/include/c++/8.3.0/arm-rockchip830-linux-uclibcgnueabihf"]
  ignore line: [ignoring duplicate directory "/home/irex/WorkSpace/Smart_Glasses/SDK/rv1106-sdk/tools/linux/toolchain/arm-rockchip830-linux-uclibcgnueabihf/bin/../lib/gcc/../../lib/gcc/arm-rockchip830-linux-uclibcgnueabihf/8.3.0/../../../../arm-rockchip830-linux-uclibcgnueabihf/include/c++/8.3.0/backward"]
  ignore line: [ignoring duplicate directory "/home/irex/WorkSpace/Smart_Glasses/SDK/rv1106-sdk/tools/linux/toolchain/arm-rockchip830-linux-uclibcgnueabihf/bin/../lib/gcc/../../lib/gcc/arm-rockchip830-linux-uclibcgnueabihf/8.3.0/include"]
  ignore line: [ignoring nonexistent directory "/home/irex/WorkSpace/Smart_Glasses/SDK/rv1106-sdk/sysdrv/source/buildroot/buildroot-2023.02.6/output/host/arm-buildroot-linux-uclibcgnueabihf/sysroot/opt/x-tool/arm-rockchip830-linux-uclibcgnueabihf/arm-rockchip830-linux-uclibcgnueabihf/sysroot/include"]
  ignore line: [ignoring duplicate directory "/home/irex/WorkSpace/Smart_Glasses/SDK/rv1106-sdk/tools/linux/toolchain/arm-rockchip830-linux-uclibcgnueabihf/bin/../lib/gcc/../../lib/gcc/arm-rockchip830-linux-uclibcgnueabihf/8.3.0/include-fixed"]
  ignore line: [ignoring duplicate directory "/home/irex/WorkSpace/Smart_Glasses/SDK/rv1106-sdk/tools/linux/toolchain/arm-rockchip830-linux-uclibcgnueabihf/bin/../lib/gcc/../../lib/gcc/arm-rockchip830-linux-uclibcgnueabihf/8.3.0/../../../../arm-rockchip830-linux-uclibcgnueabihf/include"]
  ignore line: [#include "..." search starts here:]
  ignore line: [#include <...> search starts here:]
  ignore line: [ /home/irex/WorkSpace/Smart_Glasses/SDK/rv1106-sdk/tools/linux/toolchain/arm-rockchip830-linux-uclibcgnueabihf/bin/../lib/gcc/arm-rockchip830-linux-uclibcgnueabihf/8.3.0/../../../../arm-rockchip830-linux-uclibcgnueabihf/include/c++/8.3.0]
  ignore line: [ /home/irex/WorkSpace/Smart_Glasses/SDK/rv1106-sdk/tools/linux/toolchain/arm-rockchip830-linux-uclibcgnueabihf/bin/../lib/gcc/arm-rockchip830-linux-uclibcgnueabihf/8.3.0/../../../../arm-rockchip830-linux-uclibcgnueabihf/include/c++/8.3.0/arm-rockchip830-linux-uclibcgnueabihf]
  ignore line: [ /home/irex/WorkSpace/Smart_Glasses/SDK/rv1106-sdk/tools/linux/toolchain/arm-rockchip830-linux-uclibcgnueabihf/bin/../lib/gcc/arm-rockchip830-linux-uclibcgnueabihf/8.3.0/../../../../arm-rockchip830-linux-uclibcgnueabihf/include/c++/8.3.0/backward]
  ignore line: [ /home/irex/WorkSpace/Smart_Glasses/SDK/rv1106-sdk/tools/linux/toolchain/arm-rockchip830-linux-uclibcgnueabihf/bin/../lib/gcc/arm-rockchip830-linux-uclibcgnueabihf/8.3.0/include]
  ignore line: [ /home/irex/WorkSpace/Smart_Glasses/SDK/rv1106-sdk/tools/linux/toolchain/arm-rockchip830-linux-uclibcgnueabihf/bin/../lib/gcc/arm-rockchip830-linux-uclibcgnueabihf/8.3.0/include-fixed]
  ignore line: [ /home/irex/WorkSpace/Smart_Glasses/SDK/rv1106-sdk/tools/linux/toolchain/arm-rockchip830-linux-uclibcgnueabihf/bin/../lib/gcc/arm-rockchip830-linux-uclibcgnueabihf/8.3.0/../../../../arm-rockchip830-linux-uclibcgnueabihf/include]
  ignore line: [ /home/irex/WorkSpace/Smart_Glasses/SDK/rv1106-sdk/sysdrv/source/buildroot/buildroot-2023.02.6/output/host/arm-buildroot-linux-uclibcgnueabihf/sysroot/usr/include]
  ignore line: [End of search list.]
  ignore line: [GNU C++14 (crosstool-NG 1.24.0) version 8.3.0 (arm-rockchip830-linux-uclibcgnueabihf)]
  ignore line: [	compiled by GNU C version 5.4.0 20160609  GMP version 6.1.2  MPFR version 4.0.2  MPC version 1.1.0  isl version isl-0.24-GMP]
  ignore line: []
  ignore line: [GGC heuristics: --param ggc-min-expand=100 --param ggc-min-heapsize=131072]
  ignore line: [Compiler executable checksum: d5c264ef54524d60c06e4776bc6f681b]
  ignore line: [COLLECT_GCC_OPTIONS='-v' '-o' 'CMakeFiles/cmTC_ed613.dir/CMakeCXXCompilerABI.cpp.o' '-c' '-shared-libgcc'  '-mfloat-abi=hard' '-mfpu=neon-vfpv4' '-mtls-dialect=gnu' '-marm' '-march=armv7-a+neon-vfpv4']
  ignore line: [ /home/irex/WorkSpace/Smart_Glasses/SDK/rv1106-sdk/tools/linux/toolchain/arm-rockchip830-linux-uclibcgnueabihf/bin/../lib/gcc/arm-rockchip830-linux-uclibcgnueabihf/8.3.0/../../../../arm-rockchip830-linux-uclibcgnueabihf/bin/as -v -march=armv7-a -mfloat-abi=hard -mfpu=neon-vfpv4 -meabi=5 -o CMakeFiles/cmTC_ed613.dir/CMakeCXXCompilerABI.cpp.o /tmp/ccLxBf8Z.s]
  ignore line: [GNU assembler version 2.32 (arm-rockchip830-linux-uclibcgnueabihf) using BFD version (crosstool-NG 1.24.0) 2.32]
  ignore line: [COMPILER_PATH=/home/irex/WorkSpace/Smart_Glasses/SDK/rv1106-sdk/tools/linux/toolchain/arm-rockchip830-linux-uclibcgnueabihf/bin/../libexec/gcc/arm-rockchip830-linux-uclibcgnueabihf/8.3.0/:/home/irex/WorkSpace/Smart_Glasses/SDK/rv1106-sdk/tools/linux/toolchain/arm-rockchip830-linux-uclibcgnueabihf/bin/../libexec/gcc/:/home/irex/WorkSpace/Smart_Glasses/SDK/rv1106-sdk/tools/linux/toolchain/arm-rockchip830-linux-uclibcgnueabihf/bin/../lib/gcc/arm-rockchip830-linux-uclibcgnueabihf/8.3.0/../../../../arm-rockchip830-linux-uclibcgnueabihf/bin/]
  ignore line: [LIBRARY_PATH=/home/irex/WorkSpace/Smart_Glasses/SDK/rv1106-sdk/tools/linux/toolchain/arm-rockchip830-linux-uclibcgnueabihf/bin/../lib/gcc/arm-rockchip830-linux-uclibcgnueabihf/8.3.0/:/home/irex/WorkSpace/Smart_Glasses/SDK/rv1106-sdk/tools/linux/toolchain/arm-rockchip830-linux-uclibcgnueabihf/bin/../lib/gcc/:/home/irex/WorkSpace/Smart_Glasses/SDK/rv1106-sdk/tools/linux/toolchain/arm-rockchip830-linux-uclibcgnueabihf/bin/../lib/gcc/arm-rockchip830-linux-uclibcgnueabihf/8.3.0/../../../../arm-rockchip830-linux-uclibcgnueabihf/lib/:/home/irex/WorkSpace/Smart_Glasses/SDK/rv1106-sdk/sysdrv/source/buildroot/buildroot-2023.02.6/output/host/arm-buildroot-linux-uclibcgnueabihf/sysroot/lib/:/home/irex/WorkSpace/Smart_Glasses/SDK/rv1106-sdk/sysdrv/source/buildroot/buildroot-2023.02.6/output/host/arm-buildroot-linux-uclibcgnueabihf/sysroot/usr/lib/]
  ignore line: [COLLECT_GCC_OPTIONS='-v' '-o' 'CMakeFiles/cmTC_ed613.dir/CMakeCXXCompilerABI.cpp.o' '-c' '-shared-libgcc'  '-mfloat-abi=hard' '-mfpu=neon-vfpv4' '-mtls-dialect=gnu' '-marm' '-march=armv7-a+neon-vfpv4']
  ignore line: [Linking CXX executable cmTC_ed613]
  ignore line: [/usr/bin/cmake -E cmake_link_script CMakeFiles/cmTC_ed613.dir/link.txt --verbose=1]
  ignore line: [/home/irex/WorkSpace/Smart_Glasses/SDK/rv1106-sdk/tools/linux/toolchain/arm-rockchip830-linux-uclibcgnueabihf/bin/arm-rockchip830-linux-uclibcgnueabihf-g++ --sysroot=/home/irex/WorkSpace/Smart_Glasses/SDK/rv1106-sdk/sysdrv/source/buildroot/buildroot-2023.02.6/output/host/arm-buildroot-linux-uclibcgnueabihf/sysroot  -v CMakeFiles/cmTC_ed613.dir/CMakeCXXCompilerABI.cpp.o -o cmTC_ed613 ]
  ignore line: [Using built-in specs.]
  ignore line: [COLLECT_GCC=/home/irex/WorkSpace/Smart_Glasses/SDK/rv1106-sdk/tools/linux/toolchain/arm-rockchip830-linux-uclibcgnueabihf/bin/arm-rockchip830-linux-uclibcgnueabihf-g++]
  ignore line: [COLLECT_LTO_WRAPPER=/home/irex/WorkSpace/Smart_Glasses/SDK/rv1106-sdk/tools/linux/toolchain/arm-rockchip830-linux-uclibcgnueabihf/bin/../libexec/gcc/arm-rockchip830-linux-uclibcgnueabihf/8.3.0/lto-wrapper]
  ignore line: [Target: arm-rockchip830-linux-uclibcgnueabihf]
  ignore line: [Configured with: /opt/.build/arm-rockchip830-linux-uclibcgnueabihf/src/gcc/configure --build=x86_64-build_pc-linux-gnu --host=x86_64-build_pc-linux-gnu --target=arm-rockchip830-linux-uclibcgnueabihf --prefix=/opt/x-tool/arm-rockchip830-linux-uclibcgnueabihf --with-sysroot=/opt/x-tool/arm-rockchip830-linux-uclibcgnueabihf/arm-rockchip830-linux-uclibcgnueabihf/sysroot --enable-languages=c c++ --with-arch=armv7-a --with-fpu=neon-vfpv4 --with-float=hard --with-pkgversion='crosstool-NG 1.24.0' --enable-__cxa_atexit --disable-libmudflap --disable-libgomp --disable-libssp --disable-libquadmath --disable-libquadmath-support --disable-libsanitizer --disable-libmpx --with-gmp=/opt/.build/arm-rockchip830-linux-uclibcgnueabihf/buildtools --with-mpfr=/opt/.build/arm-rockchip830-linux-uclibcgnueabihf/buildtools --with-mpc=/opt/.build/arm-rockchip830-linux-uclibcgnueabihf/buildtools --with-isl=/opt/.build/arm-rockchip830-linux-uclibcgnueabihf/buildtools --enable-lto --with-host-libstdcxx='-static-libgcc -Wl -Bstatic -lstdc++ -Bdynamic -lm' --enable-threads=posix --enable-target-optspace --enable-plugin --enable-gold --disable-nls --disable-multilib --with-local-prefix=/opt/x-tool/arm-rockchip830-linux-uclibcgnueabihf/arm-rockchip830-linux-uclibcgnueabihf/sysroot --enable-long-long]
  ignore line: [Thread model: posix]
  ignore line: [gcc version 8.3.0 (crosstool-NG 1.24.0) ]
  ignore line: [COMPILER_PATH=/home/irex/WorkSpace/Smart_Glasses/SDK/rv1106-sdk/tools/linux/toolchain/arm-rockchip830-linux-uclibcgnueabihf/bin/../libexec/gcc/arm-rockchip830-linux-uclibcgnueabihf/8.3.0/:/home/irex/WorkSpace/Smart_Glasses/SDK/rv1106-sdk/tools/linux/toolchain/arm-rockchip830-linux-uclibcgnueabihf/bin/../libexec/gcc/:/home/irex/WorkSpace/Smart_Glasses/SDK/rv1106-sdk/tools/linux/toolchain/arm-rockchip830-linux-uclibcgnueabihf/bin/../lib/gcc/arm-rockchip830-linux-uclibcgnueabihf/8.3.0/../../../../arm-rockchip830-linux-uclibcgnueabihf/bin/]
  ignore line: [LIBRARY_PATH=/home/irex/WorkSpace/Smart_Glasses/SDK/rv1106-sdk/tools/linux/toolchain/arm-rockchip830-linux-uclibcgnueabihf/bin/../lib/gcc/arm-rockchip830-linux-uclibcgnueabihf/8.3.0/:/home/irex/WorkSpace/Smart_Glasses/SDK/rv1106-sdk/tools/linux/toolchain/arm-rockchip830-linux-uclibcgnueabihf/bin/../lib/gcc/:/home/irex/WorkSpace/Smart_Glasses/SDK/rv1106-sdk/tools/linux/toolchain/arm-rockchip830-linux-uclibcgnueabihf/bin/../lib/gcc/arm-rockchip830-linux-uclibcgnueabihf/8.3.0/../../../../arm-rockchip830-linux-uclibcgnueabihf/lib/:/home/irex/WorkSpace/Smart_Glasses/SDK/rv1106-sdk/sysdrv/source/buildroot/buildroot-2023.02.6/output/host/arm-buildroot-linux-uclibcgnueabihf/sysroot/lib/:/home/irex/WorkSpace/Smart_Glasses/SDK/rv1106-sdk/sysdrv/source/buildroot/buildroot-2023.02.6/output/host/arm-buildroot-linux-uclibcgnueabihf/sysroot/usr/lib/]
  ignore line: [COLLECT_GCC_OPTIONS='-v' '-o' 'cmTC_ed613' '-shared-libgcc'  '-mfloat-abi=hard' '-mfpu=neon-vfpv4' '-mtls-dialect=gnu' '-marm' '-march=armv7-a+neon-vfpv4']
  link line: [ /home/irex/WorkSpace/Smart_Glasses/SDK/rv1106-sdk/tools/linux/toolchain/arm-rockchip830-linux-uclibcgnueabihf/bin/../libexec/gcc/arm-rockchip830-linux-uclibcgnueabihf/8.3.0/collect2 -plugin /home/irex/WorkSpace/Smart_Glasses/SDK/rv1106-sdk/tools/linux/toolchain/arm-rockchip830-linux-uclibcgnueabihf/bin/../libexec/gcc/arm-rockchip830-linux-uclibcgnueabihf/8.3.0/liblto_plugin.so -plugin-opt=/home/irex/WorkSpace/Smart_Glasses/SDK/rv1106-sdk/tools/linux/toolchain/arm-rockchip830-linux-uclibcgnueabihf/bin/../libexec/gcc/arm-rockchip830-linux-uclibcgnueabihf/8.3.0/lto-wrapper -plugin-opt=-fresolution=/tmp/cc75D4nU.res -plugin-opt=-pass-through=-lgcc_s -plugin-opt=-pass-through=-lgcc -plugin-opt=-pass-through=-lc -plugin-opt=-pass-through=-lgcc_s -plugin-opt=-pass-through=-lgcc --sysroot=/home/irex/WorkSpace/Smart_Glasses/SDK/rv1106-sdk/sysdrv/source/buildroot/buildroot-2023.02.6/output/host/arm-buildroot-linux-uclibcgnueabihf/sysroot --eh-frame-hdr -dynamic-linker /lib/ld-uClibc.so.0 -X -m armelf_linux_eabi -o cmTC_ed613 /home/irex/WorkSpace/Smart_Glasses/SDK/rv1106-sdk/sysdrv/source/buildroot/buildroot-2023.02.6/output/host/arm-buildroot-linux-uclibcgnueabihf/sysroot/usr/lib/crt1.o /home/irex/WorkSpace/Smart_Glasses/SDK/rv1106-sdk/sysdrv/source/buildroot/buildroot-2023.02.6/output/host/arm-buildroot-linux-uclibcgnueabihf/sysroot/usr/lib/crti.o /home/irex/WorkSpace/Smart_Glasses/SDK/rv1106-sdk/tools/linux/toolchain/arm-rockchip830-linux-uclibcgnueabihf/bin/../lib/gcc/arm-rockchip830-linux-uclibcgnueabihf/8.3.0/crtbegin.o -L/home/irex/WorkSpace/Smart_Glasses/SDK/rv1106-sdk/tools/linux/toolchain/arm-rockchip830-linux-uclibcgnueabihf/bin/../lib/gcc/arm-rockchip830-linux-uclibcgnueabihf/8.3.0 -L/home/irex/WorkSpace/Smart_Glasses/SDK/rv1106-sdk/tools/linux/toolchain/arm-rockchip830-linux-uclibcgnueabihf/bin/../lib/gcc -L/home/irex/WorkSpace/Smart_Glasses/SDK/rv1106-sdk/tools/linux/toolchain/arm-rockchip830-linux-uclibcgnueabihf/bin/../lib/gcc/arm-rockchip830-linux-uclibcgnueabihf/8.3.0/../../../../arm-rockchip830-linux-uclibcgnueabihf/lib -L/home/irex/WorkSpace/Smart_Glasses/SDK/rv1106-sdk/sysdrv/source/buildroot/buildroot-2023.02.6/output/host/arm-buildroot-linux-uclibcgnueabihf/sysroot/lib -L/home/irex/WorkSpace/Smart_Glasses/SDK/rv1106-sdk/sysdrv/source/buildroot/buildroot-2023.02.6/output/host/arm-buildroot-linux-uclibcgnueabihf/sysroot/usr/lib CMakeFiles/cmTC_ed613.dir/CMakeCXXCompilerABI.cpp.o -lstdc++ -lm -lgcc_s -lgcc -lc -lgcc_s -lgcc /home/irex/WorkSpace/Smart_Glasses/SDK/rv1106-sdk/tools/linux/toolchain/arm-rockchip830-linux-uclibcgnueabihf/bin/../lib/gcc/arm-rockchip830-linux-uclibcgnueabihf/8.3.0/crtend.o /home/irex/WorkSpace/Smart_Glasses/SDK/rv1106-sdk/sysdrv/source/buildroot/buildroot-2023.02.6/output/host/arm-buildroot-linux-uclibcgnueabihf/sysroot/usr/lib/crtn.o]
    arg [/home/irex/WorkSpace/Smart_Glasses/SDK/rv1106-sdk/tools/linux/toolchain/arm-rockchip830-linux-uclibcgnueabihf/bin/../libexec/gcc/arm-rockchip830-linux-uclibcgnueabihf/8.3.0/collect2] ==> ignore
    arg [-plugin] ==> ignore
    arg [/home/irex/WorkSpace/Smart_Glasses/SDK/rv1106-sdk/tools/linux/toolchain/arm-rockchip830-linux-uclibcgnueabihf/bin/../libexec/gcc/arm-rockchip830-linux-uclibcgnueabihf/8.3.0/liblto_plugin.so] ==> ignore
    arg [-plugin-opt=/home/irex/WorkSpace/Smart_Glasses/SDK/rv1106-sdk/tools/linux/toolchain/arm-rockchip830-linux-uclibcgnueabihf/bin/../libexec/gcc/arm-rockchip830-linux-uclibcgnueabihf/8.3.0/lto-wrapper] ==> ignore
    arg [-plugin-opt=-fresolution=/tmp/cc75D4nU.res] ==> ignore
    arg [-plugin-opt=-pass-through=-lgcc_s] ==> ignore
    arg [-plugin-opt=-pass-through=-lgcc] ==> ignore
    arg [-plugin-opt=-pass-through=-lc] ==> ignore
    arg [-plugin-opt=-pass-through=-lgcc_s] ==> ignore
    arg [-plugin-opt=-pass-through=-lgcc] ==> ignore
    arg [--sysroot=/home/irex/WorkSpace/Smart_Glasses/SDK/rv1106-sdk/sysdrv/source/buildroot/buildroot-2023.02.6/output/host/arm-buildroot-linux-uclibcgnueabihf/sysroot] ==> ignore
    arg [--eh-frame-hdr] ==> ignore
    arg [-dynamic-linker] ==> ignore
    arg [/lib/ld-uClibc.so.0] ==> ignore
    arg [-X] ==> ignore
    arg [-m] ==> ignore
    arg [armelf_linux_eabi] ==> ignore
    arg [-o] ==> ignore
    arg [cmTC_ed613] ==> ignore
    arg [/home/irex/WorkSpace/Smart_Glasses/SDK/rv1106-sdk/sysdrv/source/buildroot/buildroot-2023.02.6/output/host/arm-buildroot-linux-uclibcgnueabihf/sysroot/usr/lib/crt1.o] ==> obj [/home/irex/WorkSpace/Smart_Glasses/SDK/rv1106-sdk/sysdrv/source/buildroot/buildroot-2023.02.6/output/host/arm-buildroot-linux-uclibcgnueabihf/sysroot/usr/lib/crt1.o]
    arg [/home/irex/WorkSpace/Smart_Glasses/SDK/rv1106-sdk/sysdrv/source/buildroot/buildroot-2023.02.6/output/host/arm-buildroot-linux-uclibcgnueabihf/sysroot/usr/lib/crti.o] ==> obj [/home/irex/WorkSpace/Smart_Glasses/SDK/rv1106-sdk/sysdrv/source/buildroot/buildroot-2023.02.6/output/host/arm-buildroot-linux-uclibcgnueabihf/sysroot/usr/lib/crti.o]
    arg [/home/irex/WorkSpace/Smart_Glasses/SDK/rv1106-sdk/tools/linux/toolchain/arm-rockchip830-linux-uclibcgnueabihf/bin/../lib/gcc/arm-rockchip830-linux-uclibcgnueabihf/8.3.0/crtbegin.o] ==> obj [/home/irex/WorkSpace/Smart_Glasses/SDK/rv1106-sdk/tools/linux/toolchain/arm-rockchip830-linux-uclibcgnueabihf/bin/../lib/gcc/arm-rockchip830-linux-uclibcgnueabihf/8.3.0/crtbegin.o]
    arg [-L/home/irex/WorkSpace/Smart_Glasses/SDK/rv1106-sdk/tools/linux/toolchain/arm-rockchip830-linux-uclibcgnueabihf/bin/../lib/gcc/arm-rockchip830-linux-uclibcgnueabihf/8.3.0] ==> dir [/home/irex/WorkSpace/Smart_Glasses/SDK/rv1106-sdk/tools/linux/toolchain/arm-rockchip830-linux-uclibcgnueabihf/bin/../lib/gcc/arm-rockchip830-linux-uclibcgnueabihf/8.3.0]
    arg [-L/home/irex/WorkSpace/Smart_Glasses/SDK/rv1106-sdk/tools/linux/toolchain/arm-rockchip830-linux-uclibcgnueabihf/bin/../lib/gcc] ==> dir [/home/irex/WorkSpace/Smart_Glasses/SDK/rv1106-sdk/tools/linux/toolchain/arm-rockchip830-linux-uclibcgnueabihf/bin/../lib/gcc]
    arg [-L/home/irex/WorkSpace/Smart_Glasses/SDK/rv1106-sdk/tools/linux/toolchain/arm-rockchip830-linux-uclibcgnueabihf/bin/../lib/gcc/arm-rockchip830-linux-uclibcgnueabihf/8.3.0/../../../../arm-rockchip830-linux-uclibcgnueabihf/lib] ==> dir [/home/irex/WorkSpace/Smart_Glasses/SDK/rv1106-sdk/tools/linux/toolchain/arm-rockchip830-linux-uclibcgnueabihf/bin/../lib/gcc/arm-rockchip830-linux-uclibcgnueabihf/8.3.0/../../../../arm-rockchip830-linux-uclibcgnueabihf/lib]
    arg [-L/home/irex/WorkSpace/Smart_Glasses/SDK/rv1106-sdk/sysdrv/source/buildroot/buildroot-2023.02.6/output/host/arm-buildroot-linux-uclibcgnueabihf/sysroot/lib] ==> dir [/home/irex/WorkSpace/Smart_Glasses/SDK/rv1106-sdk/sysdrv/source/buildroot/buildroot-2023.02.6/output/host/arm-buildroot-linux-uclibcgnueabihf/sysroot/lib]
    arg [-L/home/irex/WorkSpace/Smart_Glasses/SDK/rv1106-sdk/sysdrv/source/buildroot/buildroot-2023.02.6/output/host/arm-buildroot-linux-uclibcgnueabihf/sysroot/usr/lib] ==> dir [/home/irex/WorkSpace/Smart_Glasses/SDK/rv1106-sdk/sysdrv/source/buildroot/buildroot-2023.02.6/output/host/arm-buildroot-linux-uclibcgnueabihf/sysroot/usr/lib]
    arg [CMakeFiles/cmTC_ed613.dir/CMakeCXXCompilerABI.cpp.o] ==> ignore
    arg [-lstdc++] ==> lib [stdc++]
    arg [-lm] ==> lib [m]
    arg [-lgcc_s] ==> lib [gcc_s]
    arg [-lgcc] ==> lib [gcc]
    arg [-lc] ==> lib [c]
    arg [-lgcc_s] ==> lib [gcc_s]
    arg [-lgcc] ==> lib [gcc]
    arg [/home/irex/WorkSpace/Smart_Glasses/SDK/rv1106-sdk/tools/linux/toolchain/arm-rockchip830-linux-uclibcgnueabihf/bin/../lib/gcc/arm-rockchip830-linux-uclibcgnueabihf/8.3.0/crtend.o] ==> obj [/home/irex/WorkSpace/Smart_Glasses/SDK/rv1106-sdk/tools/linux/toolchain/arm-rockchip830-linux-uclibcgnueabihf/bin/../lib/gcc/arm-rockchip830-linux-uclibcgnueabihf/8.3.0/crtend.o]
    arg [/home/irex/WorkSpace/Smart_Glasses/SDK/rv1106-sdk/sysdrv/source/buildroot/buildroot-2023.02.6/output/host/arm-buildroot-linux-uclibcgnueabihf/sysroot/usr/lib/crtn.o] ==> obj [/home/irex/WorkSpace/Smart_Glasses/SDK/rv1106-sdk/sysdrv/source/buildroot/buildroot-2023.02.6/output/host/arm-buildroot-linux-uclibcgnueabihf/sysroot/usr/lib/crtn.o]
  collapse obj [/home/irex/WorkSpace/Smart_Glasses/SDK/rv1106-sdk/tools/linux/toolchain/arm-rockchip830-linux-uclibcgnueabihf/bin/../lib/gcc/arm-rockchip830-linux-uclibcgnueabihf/8.3.0/crtbegin.o] ==> [/home/irex/WorkSpace/Smart_Glasses/SDK/rv1106-sdk/tools/linux/toolchain/arm-rockchip830-linux-uclibcgnueabihf/lib/gcc/arm-rockchip830-linux-uclibcgnueabihf/8.3.0/crtbegin.o]
  collapse obj [/home/irex/WorkSpace/Smart_Glasses/SDK/rv1106-sdk/tools/linux/toolchain/arm-rockchip830-linux-uclibcgnueabihf/bin/../lib/gcc/arm-rockchip830-linux-uclibcgnueabihf/8.3.0/crtend.o] ==> [/home/irex/WorkSpace/Smart_Glasses/SDK/rv1106-sdk/tools/linux/toolchain/arm-rockchip830-linux-uclibcgnueabihf/lib/gcc/arm-rockchip830-linux-uclibcgnueabihf/8.3.0/crtend.o]
  collapse library dir [/home/irex/WorkSpace/Smart_Glasses/SDK/rv1106-sdk/tools/linux/toolchain/arm-rockchip830-linux-uclibcgnueabihf/bin/../lib/gcc/arm-rockchip830-linux-uclibcgnueabihf/8.3.0] ==> [/home/irex/WorkSpace/Smart_Glasses/SDK/rv1106-sdk/tools/linux/toolchain/arm-rockchip830-linux-uclibcgnueabihf/lib/gcc/arm-rockchip830-linux-uclibcgnueabihf/8.3.0]
  collapse library dir [/home/irex/WorkSpace/Smart_Glasses/SDK/rv1106-sdk/tools/linux/toolchain/arm-rockchip830-linux-uclibcgnueabihf/bin/../lib/gcc] ==> [/home/irex/WorkSpace/Smart_Glasses/SDK/rv1106-sdk/tools/linux/toolchain/arm-rockchip830-linux-uclibcgnueabihf/lib/gcc]
  collapse library dir [/home/irex/WorkSpace/Smart_Glasses/SDK/rv1106-sdk/tools/linux/toolchain/arm-rockchip830-linux-uclibcgnueabihf/bin/../lib/gcc/arm-rockchip830-linux-uclibcgnueabihf/8.3.0/../../../../arm-rockchip830-linux-uclibcgnueabihf/lib] ==> [/home/irex/WorkSpace/Smart_Glasses/SDK/rv1106-sdk/tools/linux/toolchain/arm-rockchip830-linux-uclibcgnueabihf/arm-rockchip830-linux-uclibcgnueabihf/lib]
  collapse library dir [/home/irex/WorkSpace/Smart_Glasses/SDK/rv1106-sdk/sysdrv/source/buildroot/buildroot-2023.02.6/output/host/arm-buildroot-linux-uclibcgnueabihf/sysroot/lib] ==> [/home/irex/WorkSpace/Smart_Glasses/SDK/rv1106-sdk/sysdrv/source/buildroot/buildroot-2023.02.6/output/host/arm-buildroot-linux-uclibcgnueabihf/sysroot/lib]
  collapse library dir [/home/irex/WorkSpace/Smart_Glasses/SDK/rv1106-sdk/sysdrv/source/buildroot/buildroot-2023.02.6/output/host/arm-buildroot-linux-uclibcgnueabihf/sysroot/usr/lib] ==> [/home/irex/WorkSpace/Smart_Glasses/SDK/rv1106-sdk/sysdrv/source/buildroot/buildroot-2023.02.6/output/host/arm-buildroot-linux-uclibcgnueabihf/sysroot/usr/lib]
  implicit libs: [stdc++;m;gcc_s;gcc;c;gcc_s;gcc]
  implicit objs: [/home/irex/WorkSpace/Smart_Glasses/SDK/rv1106-sdk/sysdrv/source/buildroot/buildroot-2023.02.6/output/host/arm-buildroot-linux-uclibcgnueabihf/sysroot/usr/lib/crt1.o;/home/irex/WorkSpace/Smart_Glasses/SDK/rv1106-sdk/sysdrv/source/buildroot/buildroot-2023.02.6/output/host/arm-buildroot-linux-uclibcgnueabihf/sysroot/usr/lib/crti.o;/home/irex/WorkSpace/Smart_Glasses/SDK/rv1106-sdk/tools/linux/toolchain/arm-rockchip830-linux-uclibcgnueabihf/lib/gcc/arm-rockchip830-linux-uclibcgnueabihf/8.3.0/crtbegin.o;/home/irex/WorkSpace/Smart_Glasses/SDK/rv1106-sdk/tools/linux/toolchain/arm-rockchip830-linux-uclibcgnueabihf/lib/gcc/arm-rockchip830-linux-uclibcgnueabihf/8.3.0/crtend.o;/home/irex/WorkSpace/Smart_Glasses/SDK/rv1106-sdk/sysdrv/source/buildroot/buildroot-2023.02.6/output/host/arm-buildroot-linux-uclibcgnueabihf/sysroot/usr/lib/crtn.o]
  implicit dirs: [/home/irex/WorkSpace/Smart_Glasses/SDK/rv1106-sdk/tools/linux/toolchain/arm-rockchip830-linux-uclibcgnueabihf/lib/gcc/arm-rockchip830-linux-uclibcgnueabihf/8.3.0;/home/irex/WorkSpace/Smart_Glasses/SDK/rv1106-sdk/tools/linux/toolchain/arm-rockchip830-linux-uclibcgnueabihf/lib/gcc;/home/irex/WorkSpace/Smart_Glasses/SDK/rv1106-sdk/tools/linux/toolchain/arm-rockchip830-linux-uclibcgnueabihf/arm-rockchip830-linux-uclibcgnueabihf/lib;/home/irex/WorkSpace/Smart_Glasses/SDK/rv1106-sdk/sysdrv/source/buildroot/buildroot-2023.02.6/output/host/arm-buildroot-linux-uclibcgnueabihf/sysroot/lib;/home/irex/WorkSpace/Smart_Glasses/SDK/rv1106-sdk/sysdrv/source/buildroot/buildroot-2023.02.6/output/host/arm-buildroot-linux-uclibcgnueabihf/sysroot/usr/lib]
  implicit fwks: []


Determining if the include file pthread.h exists passed with the following output:
Change Dir: /home/irex/WorkSpace/Smart_Glasses/Demo/Smart_Glasses_demo/build/CMakeFiles/CMakeTmp

Run Build Command(s):/usr/bin/gmake -f Makefile cmTC_e75db/fast && /usr/bin/gmake  -f CMakeFiles/cmTC_e75db.dir/build.make CMakeFiles/cmTC_e75db.dir/build
gmake[1]: 进入目录“/home/irex/WorkSpace/Smart_Glasses/Demo/Smart_Glasses_demo/build/CMakeFiles/CMakeTmp”
Building C object CMakeFiles/cmTC_e75db.dir/CheckIncludeFile.c.o
/home/irex/WorkSpace/Smart_Glasses/SDK/rv1106-sdk/tools/linux/toolchain/arm-rockchip830-linux-uclibcgnueabihf/bin/arm-rockchip830-linux-uclibcgnueabihf-gcc --sysroot=/home/irex/WorkSpace/Smart_Glasses/SDK/rv1106-sdk/sysdrv/source/buildroot/buildroot-2023.02.6/output/host/arm-buildroot-linux-uclibcgnueabihf/sysroot   -fPIE -std=gnu99 -o CMakeFiles/cmTC_e75db.dir/CheckIncludeFile.c.o -c /home/irex/WorkSpace/Smart_Glasses/Demo/Smart_Glasses_demo/build/CMakeFiles/CMakeTmp/CheckIncludeFile.c
Linking C executable cmTC_e75db
/usr/bin/cmake -E cmake_link_script CMakeFiles/cmTC_e75db.dir/link.txt --verbose=1
/home/irex/WorkSpace/Smart_Glasses/SDK/rv1106-sdk/tools/linux/toolchain/arm-rockchip830-linux-uclibcgnueabihf/bin/arm-rockchip830-linux-uclibcgnueabihf-gcc --sysroot=/home/irex/WorkSpace/Smart_Glasses/SDK/rv1106-sdk/sysdrv/source/buildroot/buildroot-2023.02.6/output/host/arm-buildroot-linux-uclibcgnueabihf/sysroot CMakeFiles/cmTC_e75db.dir/CheckIncludeFile.c.o -o cmTC_e75db 
gmake[1]: 离开目录“/home/irex/WorkSpace/Smart_Glasses/Demo/Smart_Glasses_demo/build/CMakeFiles/CMakeTmp”



Performing C SOURCE FILE Test CMAKE_HAVE_LIBC_PTHREAD succeeded with the following output:
Change Dir: /home/irex/WorkSpace/Smart_Glasses/Demo/Smart_Glasses_demo/build/CMakeFiles/CMakeTmp

Run Build Command(s):/usr/bin/gmake -f Makefile cmTC_b06c3/fast && /usr/bin/gmake  -f CMakeFiles/cmTC_b06c3.dir/build.make CMakeFiles/cmTC_b06c3.dir/build
gmake[1]: 进入目录“/home/irex/WorkSpace/Smart_Glasses/Demo/Smart_Glasses_demo/build/CMakeFiles/CMakeTmp”
Building C object CMakeFiles/cmTC_b06c3.dir/src.c.o
/home/irex/WorkSpace/Smart_Glasses/SDK/rv1106-sdk/tools/linux/toolchain/arm-rockchip830-linux-uclibcgnueabihf/bin/arm-rockchip830-linux-uclibcgnueabihf-gcc --sysroot=/home/irex/WorkSpace/Smart_Glasses/SDK/rv1106-sdk/sysdrv/source/buildroot/buildroot-2023.02.6/output/host/arm-buildroot-linux-uclibcgnueabihf/sysroot -DCMAKE_HAVE_LIBC_PTHREAD  -fPIE -std=gnu99 -o CMakeFiles/cmTC_b06c3.dir/src.c.o -c /home/irex/WorkSpace/Smart_Glasses/Demo/Smart_Glasses_demo/build/CMakeFiles/CMakeTmp/src.c
Linking C executable cmTC_b06c3
/usr/bin/cmake -E cmake_link_script CMakeFiles/cmTC_b06c3.dir/link.txt --verbose=1
/home/irex/WorkSpace/Smart_Glasses/SDK/rv1106-sdk/tools/linux/toolchain/arm-rockchip830-linux-uclibcgnueabihf/bin/arm-rockchip830-linux-uclibcgnueabihf-gcc --sysroot=/home/irex/WorkSpace/Smart_Glasses/SDK/rv1106-sdk/sysdrv/source/buildroot/buildroot-2023.02.6/output/host/arm-buildroot-linux-uclibcgnueabihf/sysroot CMakeFiles/cmTC_b06c3.dir/src.c.o -o cmTC_b06c3 
gmake[1]: 离开目录“/home/irex/WorkSpace/Smart_Glasses/Demo/Smart_Glasses_demo/build/CMakeFiles/CMakeTmp”


Source file was:
#include <pthread.h>

static void* test_func(void* data)
{
  return data;
}

int main(void)
{
  pthread_t thread;
  pthread_create(&thread, NULL, test_func, NULL);
  pthread_detach(thread);
  pthread_cancel(thread);
  pthread_join(thread, NULL);
  pthread_atfork(NULL, NULL, NULL);
  pthread_exit(NULL);

  return 0;
}

Determining if files sys/queue.h exist passed with the following output:
Change Dir: /home/irex/WorkSpace/Smart_Glasses/Demo/Smart_Glasses_demo/build/CMakeFiles/CMakeTmp

Run Build Command(s):/usr/bin/gmake -f Makefile cmTC_0ba11/fast && /usr/bin/gmake  -f CMakeFiles/cmTC_0ba11.dir/build.make CMakeFiles/cmTC_0ba11.dir/build
gmake[1]: 进入目录“/home/irex/WorkSpace/Smart_Glasses/Demo/Smart_Glasses_demo/build/CMakeFiles/CMakeTmp”
Building C object CMakeFiles/cmTC_0ba11.dir/have_sys_queue_h.c.o
/home/irex/WorkSpace/Smart_Glasses/SDK/rv1106-sdk/tools/linux/toolchain/arm-rockchip830-linux-uclibcgnueabihf/bin/arm-rockchip830-linux-uclibcgnueabihf-gcc --sysroot=/home/irex/WorkSpace/Smart_Glasses/SDK/rv1106-sdk/sysdrv/source/buildroot/buildroot-2023.02.6/output/host/arm-buildroot-linux-uclibcgnueabihf/sysroot   -fPIE -std=gnu99 -o CMakeFiles/cmTC_0ba11.dir/have_sys_queue_h.c.o -c /home/irex/WorkSpace/Smart_Glasses/Demo/Smart_Glasses_demo/build/CMakeFiles/CheckIncludeFiles/have_sys_queue_h.c
Linking C executable cmTC_0ba11
/usr/bin/cmake -E cmake_link_script CMakeFiles/cmTC_0ba11.dir/link.txt --verbose=1
/home/irex/WorkSpace/Smart_Glasses/SDK/rv1106-sdk/tools/linux/toolchain/arm-rockchip830-linux-uclibcgnueabihf/bin/arm-rockchip830-linux-uclibcgnueabihf-gcc --sysroot=/home/irex/WorkSpace/Smart_Glasses/SDK/rv1106-sdk/sysdrv/source/buildroot/buildroot-2023.02.6/output/host/arm-buildroot-linux-uclibcgnueabihf/sysroot CMakeFiles/cmTC_0ba11.dir/have_sys_queue_h.c.o -o cmTC_0ba11 
gmake[1]: 离开目录“/home/irex/WorkSpace/Smart_Glasses/Demo/Smart_Glasses_demo/build/CMakeFiles/CMakeTmp”



Determining if files sys/socket.h;linux/if_addr.h exist passed with the following output:
Change Dir: /home/irex/WorkSpace/Smart_Glasses/Demo/Smart_Glasses_demo/build/CMakeFiles/CMakeTmp

Run Build Command(s):/usr/bin/gmake -f Makefile cmTC_e1dec/fast && /usr/bin/gmake  -f CMakeFiles/cmTC_e1dec.dir/build.make CMakeFiles/cmTC_e1dec.dir/build
gmake[1]: 进入目录“/home/irex/WorkSpace/Smart_Glasses/Demo/Smart_Glasses_demo/build/CMakeFiles/CMakeTmp”
Building C object CMakeFiles/cmTC_e1dec.dir/have_linux_if_addr_h.c.o
/home/irex/WorkSpace/Smart_Glasses/SDK/rv1106-sdk/tools/linux/toolchain/arm-rockchip830-linux-uclibcgnueabihf/bin/arm-rockchip830-linux-uclibcgnueabihf-gcc --sysroot=/home/irex/WorkSpace/Smart_Glasses/SDK/rv1106-sdk/sysdrv/source/buildroot/buildroot-2023.02.6/output/host/arm-buildroot-linux-uclibcgnueabihf/sysroot   -fPIE -std=gnu99 -o CMakeFiles/cmTC_e1dec.dir/have_linux_if_addr_h.c.o -c /home/irex/WorkSpace/Smart_Glasses/Demo/Smart_Glasses_demo/build/CMakeFiles/CheckIncludeFiles/have_linux_if_addr_h.c
Linking C executable cmTC_e1dec
/usr/bin/cmake -E cmake_link_script CMakeFiles/cmTC_e1dec.dir/link.txt --verbose=1
/home/irex/WorkSpace/Smart_Glasses/SDK/rv1106-sdk/tools/linux/toolchain/arm-rockchip830-linux-uclibcgnueabihf/bin/arm-rockchip830-linux-uclibcgnueabihf-gcc --sysroot=/home/irex/WorkSpace/Smart_Glasses/SDK/rv1106-sdk/sysdrv/source/buildroot/buildroot-2023.02.6/output/host/arm-buildroot-linux-uclibcgnueabihf/sysroot CMakeFiles/cmTC_e1dec.dir/have_linux_if_addr_h.c.o -o cmTC_e1dec 
gmake[1]: 离开目录“/home/irex/WorkSpace/Smart_Glasses/Demo/Smart_Glasses_demo/build/CMakeFiles/CMakeTmp”



Determining if files sys/socket.h;linux/rtnetlink.h exist passed with the following output:
Change Dir: /home/irex/WorkSpace/Smart_Glasses/Demo/Smart_Glasses_demo/build/CMakeFiles/CMakeTmp

Run Build Command(s):/usr/bin/gmake -f Makefile cmTC_10694/fast && /usr/bin/gmake  -f CMakeFiles/cmTC_10694.dir/build.make CMakeFiles/cmTC_10694.dir/build
gmake[1]: 进入目录“/home/irex/WorkSpace/Smart_Glasses/Demo/Smart_Glasses_demo/build/CMakeFiles/CMakeTmp”
Building C object CMakeFiles/cmTC_10694.dir/have_linux_rtnetlink_h.c.o
/home/irex/WorkSpace/Smart_Glasses/SDK/rv1106-sdk/tools/linux/toolchain/arm-rockchip830-linux-uclibcgnueabihf/bin/arm-rockchip830-linux-uclibcgnueabihf-gcc --sysroot=/home/irex/WorkSpace/Smart_Glasses/SDK/rv1106-sdk/sysdrv/source/buildroot/buildroot-2023.02.6/output/host/arm-buildroot-linux-uclibcgnueabihf/sysroot   -fPIE -std=gnu99 -o CMakeFiles/cmTC_10694.dir/have_linux_rtnetlink_h.c.o -c /home/irex/WorkSpace/Smart_Glasses/Demo/Smart_Glasses_demo/build/CMakeFiles/CheckIncludeFiles/have_linux_rtnetlink_h.c
Linking C executable cmTC_10694
/usr/bin/cmake -E cmake_link_script CMakeFiles/cmTC_10694.dir/link.txt --verbose=1
/home/irex/WorkSpace/Smart_Glasses/SDK/rv1106-sdk/tools/linux/toolchain/arm-rockchip830-linux-uclibcgnueabihf/bin/arm-rockchip830-linux-uclibcgnueabihf-gcc --sysroot=/home/irex/WorkSpace/Smart_Glasses/SDK/rv1106-sdk/sysdrv/source/buildroot/buildroot-2023.02.6/output/host/arm-buildroot-linux-uclibcgnueabihf/sysroot CMakeFiles/cmTC_10694.dir/have_linux_rtnetlink_h.c.o -o cmTC_10694 
gmake[1]: 离开目录“/home/irex/WorkSpace/Smart_Glasses/Demo/Smart_Glasses_demo/build/CMakeFiles/CMakeTmp”



Determining if files sys/types.h;netinet/in.h;netinet/ip.h;netinet/ip_icmp.h exist passed with the following output:
Change Dir: /home/irex/WorkSpace/Smart_Glasses/Demo/Smart_Glasses_demo/build/CMakeFiles/CMakeTmp

Run Build Command(s):/usr/bin/gmake -f Makefile cmTC_764c8/fast && /usr/bin/gmake  -f CMakeFiles/cmTC_764c8.dir/build.make CMakeFiles/cmTC_764c8.dir/build
gmake[1]: 进入目录“/home/irex/WorkSpace/Smart_Glasses/Demo/Smart_Glasses_demo/build/CMakeFiles/CMakeTmp”
Building C object CMakeFiles/cmTC_764c8.dir/have_netinet_ip_icmp_h.c.o
/home/irex/WorkSpace/Smart_Glasses/SDK/rv1106-sdk/tools/linux/toolchain/arm-rockchip830-linux-uclibcgnueabihf/bin/arm-rockchip830-linux-uclibcgnueabihf-gcc --sysroot=/home/irex/WorkSpace/Smart_Glasses/SDK/rv1106-sdk/sysdrv/source/buildroot/buildroot-2023.02.6/output/host/arm-buildroot-linux-uclibcgnueabihf/sysroot   -fPIE -std=gnu99 -o CMakeFiles/cmTC_764c8.dir/have_netinet_ip_icmp_h.c.o -c /home/irex/WorkSpace/Smart_Glasses/Demo/Smart_Glasses_demo/build/CMakeFiles/CheckIncludeFiles/have_netinet_ip_icmp_h.c
Linking C executable cmTC_764c8
/usr/bin/cmake -E cmake_link_script CMakeFiles/cmTC_764c8.dir/link.txt --verbose=1
/home/irex/WorkSpace/Smart_Glasses/SDK/rv1106-sdk/tools/linux/toolchain/arm-rockchip830-linux-uclibcgnueabihf/bin/arm-rockchip830-linux-uclibcgnueabihf-gcc --sysroot=/home/irex/WorkSpace/Smart_Glasses/SDK/rv1106-sdk/sysdrv/source/buildroot/buildroot-2023.02.6/output/host/arm-buildroot-linux-uclibcgnueabihf/sysroot CMakeFiles/cmTC_764c8.dir/have_netinet_ip_icmp_h.c.o -o cmTC_764c8 
gmake[1]: 离开目录“/home/irex/WorkSpace/Smart_Glasses/Demo/Smart_Glasses_demo/build/CMakeFiles/CMakeTmp”



Determining if files sys/types.h;sys/socket.h;net/route.h exist passed with the following output:
Change Dir: /home/irex/WorkSpace/Smart_Glasses/Demo/Smart_Glasses_demo/build/CMakeFiles/CMakeTmp

Run Build Command(s):/usr/bin/gmake -f Makefile cmTC_ab20e/fast && /usr/bin/gmake  -f CMakeFiles/cmTC_ab20e.dir/build.make CMakeFiles/cmTC_ab20e.dir/build
gmake[1]: 进入目录“/home/irex/WorkSpace/Smart_Glasses/Demo/Smart_Glasses_demo/build/CMakeFiles/CMakeTmp”
Building C object CMakeFiles/cmTC_ab20e.dir/have_net_route_h.c.o
/home/irex/WorkSpace/Smart_Glasses/SDK/rv1106-sdk/tools/linux/toolchain/arm-rockchip830-linux-uclibcgnueabihf/bin/arm-rockchip830-linux-uclibcgnueabihf-gcc --sysroot=/home/irex/WorkSpace/Smart_Glasses/SDK/rv1106-sdk/sysdrv/source/buildroot/buildroot-2023.02.6/output/host/arm-buildroot-linux-uclibcgnueabihf/sysroot   -fPIE -std=gnu99 -o CMakeFiles/cmTC_ab20e.dir/have_net_route_h.c.o -c /home/irex/WorkSpace/Smart_Glasses/Demo/Smart_Glasses_demo/build/CMakeFiles/CheckIncludeFiles/have_net_route_h.c
Linking C executable cmTC_ab20e
/usr/bin/cmake -E cmake_link_script CMakeFiles/cmTC_ab20e.dir/link.txt --verbose=1
/home/irex/WorkSpace/Smart_Glasses/SDK/rv1106-sdk/tools/linux/toolchain/arm-rockchip830-linux-uclibcgnueabihf/bin/arm-rockchip830-linux-uclibcgnueabihf-gcc --sysroot=/home/irex/WorkSpace/Smart_Glasses/SDK/rv1106-sdk/sysdrv/source/buildroot/buildroot-2023.02.6/output/host/arm-buildroot-linux-uclibcgnueabihf/sysroot CMakeFiles/cmTC_ab20e.dir/have_net_route_h.c.o -o cmTC_ab20e 
gmake[1]: 离开目录“/home/irex/WorkSpace/Smart_Glasses/Demo/Smart_Glasses_demo/build/CMakeFiles/CMakeTmp”



Determining if files stdatomic.h exist passed with the following output:
Change Dir: /home/irex/WorkSpace/Smart_Glasses/Demo/Smart_Glasses_demo/build/CMakeFiles/CMakeTmp

Run Build Command(s):/usr/bin/gmake -f Makefile cmTC_836db/fast && /usr/bin/gmake  -f CMakeFiles/cmTC_836db.dir/build.make CMakeFiles/cmTC_836db.dir/build
gmake[1]: 进入目录“/home/irex/WorkSpace/Smart_Glasses/Demo/Smart_Glasses_demo/build/CMakeFiles/CMakeTmp”
Building C object CMakeFiles/cmTC_836db.dir/have_stdatomic_h.c.o
/home/irex/WorkSpace/Smart_Glasses/SDK/rv1106-sdk/tools/linux/toolchain/arm-rockchip830-linux-uclibcgnueabihf/bin/arm-rockchip830-linux-uclibcgnueabihf-gcc --sysroot=/home/irex/WorkSpace/Smart_Glasses/SDK/rv1106-sdk/sysdrv/source/buildroot/buildroot-2023.02.6/output/host/arm-buildroot-linux-uclibcgnueabihf/sysroot   -fPIE -std=gnu99 -o CMakeFiles/cmTC_836db.dir/have_stdatomic_h.c.o -c /home/irex/WorkSpace/Smart_Glasses/Demo/Smart_Glasses_demo/build/CMakeFiles/CheckIncludeFiles/have_stdatomic_h.c
Linking C executable cmTC_836db
/usr/bin/cmake -E cmake_link_script CMakeFiles/cmTC_836db.dir/link.txt --verbose=1
/home/irex/WorkSpace/Smart_Glasses/SDK/rv1106-sdk/tools/linux/toolchain/arm-rockchip830-linux-uclibcgnueabihf/bin/arm-rockchip830-linux-uclibcgnueabihf-gcc --sysroot=/home/irex/WorkSpace/Smart_Glasses/SDK/rv1106-sdk/sysdrv/source/buildroot/buildroot-2023.02.6/output/host/arm-buildroot-linux-uclibcgnueabihf/sysroot CMakeFiles/cmTC_836db.dir/have_stdatomic_h.c.o -o cmTC_836db 
gmake[1]: 离开目录“/home/irex/WorkSpace/Smart_Glasses/Demo/Smart_Glasses_demo/build/CMakeFiles/CMakeTmp”



Determining if the include file usrsctp.h exists passed with the following output:
Change Dir: /home/irex/WorkSpace/Smart_Glasses/Demo/Smart_Glasses_demo/build/CMakeFiles/CMakeTmp

Run Build Command(s):/usr/bin/gmake -f Makefile cmTC_ed078/fast && /usr/bin/gmake  -f CMakeFiles/cmTC_ed078.dir/build.make CMakeFiles/cmTC_ed078.dir/build
gmake[1]: 进入目录“/home/irex/WorkSpace/Smart_Glasses/Demo/Smart_Glasses_demo/build/CMakeFiles/CMakeTmp”
Building C object CMakeFiles/cmTC_ed078.dir/CheckIncludeFile.c.o
/home/irex/WorkSpace/Smart_Glasses/SDK/rv1106-sdk/tools/linux/toolchain/arm-rockchip830-linux-uclibcgnueabihf/bin/arm-rockchip830-linux-uclibcgnueabihf-gcc --sysroot=/home/irex/WorkSpace/Smart_Glasses/SDK/rv1106-sdk/sysdrv/source/buildroot/buildroot-2023.02.6/output/host/arm-buildroot-linux-uclibcgnueabihf/sysroot  -I/home/irex/WorkSpace/Smart_Glasses/Demo/Smart_Glasses_demo/libdatachannel/deps/usrsctp/usrsctplib -fPIE -std=gnu99 -o CMakeFiles/cmTC_ed078.dir/CheckIncludeFile.c.o -c /home/irex/WorkSpace/Smart_Glasses/Demo/Smart_Glasses_demo/build/CMakeFiles/CMakeTmp/CheckIncludeFile.c
Linking C executable cmTC_ed078
/usr/bin/cmake -E cmake_link_script CMakeFiles/cmTC_ed078.dir/link.txt --verbose=1
/home/irex/WorkSpace/Smart_Glasses/SDK/rv1106-sdk/tools/linux/toolchain/arm-rockchip830-linux-uclibcgnueabihf/bin/arm-rockchip830-linux-uclibcgnueabihf-gcc --sysroot=/home/irex/WorkSpace/Smart_Glasses/SDK/rv1106-sdk/sysdrv/source/buildroot/buildroot-2023.02.6/output/host/arm-buildroot-linux-uclibcgnueabihf/sysroot CMakeFiles/cmTC_ed078.dir/CheckIncludeFile.c.o -o cmTC_ed078 
gmake[1]: 离开目录“/home/irex/WorkSpace/Smart_Glasses/Demo/Smart_Glasses_demo/build/CMakeFiles/CMakeTmp”



Performing C SOURCE FILE Test has_wfloat_equal succeeded with the following output:
Change Dir: /home/irex/WorkSpace/Smart_Glasses/Demo/Smart_Glasses_demo/build/CMakeFiles/CMakeTmp

Run Build Command(s):/usr/bin/gmake -f Makefile cmTC_5a04a/fast && /usr/bin/gmake  -f CMakeFiles/cmTC_5a04a.dir/build.make CMakeFiles/cmTC_5a04a.dir/build
gmake[1]: Entering directory '/home/irex/WorkSpace/Smart_Glasses/Demo/Smart_Glasses_demo/build/CMakeFiles/CMakeTmp'
Building C object CMakeFiles/cmTC_5a04a.dir/src.c.o
/home/irex/WorkSpace/Smart_Glasses/SDK/rv1106-sdk/tools/linux/toolchain/arm-rockchip830-linux-uclibcgnueabihf/bin/arm-rockchip830-linux-uclibcgnueabihf-gcc --sysroot=/home/irex/WorkSpace/Smart_Glasses/SDK/rv1106-sdk/sysdrv/source/buildroot/buildroot-2023.02.6/output/host/arm-buildroot-linux-uclibcgnueabihf/sysroot -Dhas_wfloat_equal -I/home/irex/WorkSpace/Smart_Glasses/Demo/Smart_Glasses_demo/libdatachannel/deps/usrsctp/usrsctplib -std=c99 -pedantic -Wall -Wextra  -fPIE   -Wfloat-equal -std=gnu99 -o CMakeFiles/cmTC_5a04a.dir/src.c.o -c /home/irex/WorkSpace/Smart_Glasses/Demo/Smart_Glasses_demo/build/CMakeFiles/CMakeTmp/src.c
Linking C executable cmTC_5a04a
/usr/bin/cmake -E cmake_link_script CMakeFiles/cmTC_5a04a.dir/link.txt --verbose=1
/home/irex/WorkSpace/Smart_Glasses/SDK/rv1106-sdk/tools/linux/toolchain/arm-rockchip830-linux-uclibcgnueabihf/bin/arm-rockchip830-linux-uclibcgnueabihf-gcc --sysroot=/home/irex/WorkSpace/Smart_Glasses/SDK/rv1106-sdk/sysdrv/source/buildroot/buildroot-2023.02.6/output/host/arm-buildroot-linux-uclibcgnueabihf/sysroot  -std=c99 -pedantic -Wall -Wextra  CMakeFiles/cmTC_5a04a.dir/src.c.o -o cmTC_5a04a 
gmake[1]: Leaving directory '/home/irex/WorkSpace/Smart_Glasses/Demo/Smart_Glasses_demo/build/CMakeFiles/CMakeTmp'


Source file was:
int main(void) { return 0; }
Performing C SOURCE FILE Test has_wshadow succeeded with the following output:
Change Dir: /home/irex/WorkSpace/Smart_Glasses/Demo/Smart_Glasses_demo/build/CMakeFiles/CMakeTmp

Run Build Command(s):/usr/bin/gmake -f Makefile cmTC_6a03a/fast && /usr/bin/gmake  -f CMakeFiles/cmTC_6a03a.dir/build.make CMakeFiles/cmTC_6a03a.dir/build
gmake[1]: Entering directory '/home/irex/WorkSpace/Smart_Glasses/Demo/Smart_Glasses_demo/build/CMakeFiles/CMakeTmp'
Building C object CMakeFiles/cmTC_6a03a.dir/src.c.o
/home/irex/WorkSpace/Smart_Glasses/SDK/rv1106-sdk/tools/linux/toolchain/arm-rockchip830-linux-uclibcgnueabihf/bin/arm-rockchip830-linux-uclibcgnueabihf-gcc --sysroot=/home/irex/WorkSpace/Smart_Glasses/SDK/rv1106-sdk/sysdrv/source/buildroot/buildroot-2023.02.6/output/host/arm-buildroot-linux-uclibcgnueabihf/sysroot -Dhas_wshadow -I/home/irex/WorkSpace/Smart_Glasses/Demo/Smart_Glasses_demo/libdatachannel/deps/usrsctp/usrsctplib -std=c99 -pedantic -Wall -Wextra -Wfloat-equal  -fPIE   -Wshadow -std=gnu99 -o CMakeFiles/cmTC_6a03a.dir/src.c.o -c /home/irex/WorkSpace/Smart_Glasses/Demo/Smart_Glasses_demo/build/CMakeFiles/CMakeTmp/src.c
Linking C executable cmTC_6a03a
/usr/bin/cmake -E cmake_link_script CMakeFiles/cmTC_6a03a.dir/link.txt --verbose=1
/home/irex/WorkSpace/Smart_Glasses/SDK/rv1106-sdk/tools/linux/toolchain/arm-rockchip830-linux-uclibcgnueabihf/bin/arm-rockchip830-linux-uclibcgnueabihf-gcc --sysroot=/home/irex/WorkSpace/Smart_Glasses/SDK/rv1106-sdk/sysdrv/source/buildroot/buildroot-2023.02.6/output/host/arm-buildroot-linux-uclibcgnueabihf/sysroot  -std=c99 -pedantic -Wall -Wextra -Wfloat-equal  CMakeFiles/cmTC_6a03a.dir/src.c.o -o cmTC_6a03a 
gmake[1]: Leaving directory '/home/irex/WorkSpace/Smart_Glasses/Demo/Smart_Glasses_demo/build/CMakeFiles/CMakeTmp'


Source file was:
int main(void) { return 0; }
Performing C SOURCE FILE Test has_wpointer_aritih succeeded with the following output:
Change Dir: /home/irex/WorkSpace/Smart_Glasses/Demo/Smart_Glasses_demo/build/CMakeFiles/CMakeTmp

Run Build Command(s):/usr/bin/gmake -f Makefile cmTC_cfa51/fast && /usr/bin/gmake  -f CMakeFiles/cmTC_cfa51.dir/build.make CMakeFiles/cmTC_cfa51.dir/build
gmake[1]: Entering directory '/home/irex/WorkSpace/Smart_Glasses/Demo/Smart_Glasses_demo/build/CMakeFiles/CMakeTmp'
Building C object CMakeFiles/cmTC_cfa51.dir/src.c.o
/home/irex/WorkSpace/Smart_Glasses/SDK/rv1106-sdk/tools/linux/toolchain/arm-rockchip830-linux-uclibcgnueabihf/bin/arm-rockchip830-linux-uclibcgnueabihf-gcc --sysroot=/home/irex/WorkSpace/Smart_Glasses/SDK/rv1106-sdk/sysdrv/source/buildroot/buildroot-2023.02.6/output/host/arm-buildroot-linux-uclibcgnueabihf/sysroot -Dhas_wpointer_aritih -I/home/irex/WorkSpace/Smart_Glasses/Demo/Smart_Glasses_demo/libdatachannel/deps/usrsctp/usrsctplib -std=c99 -pedantic -Wall -Wextra -Wfloat-equal -Wshadow  -fPIE   -Wpointer-arith -std=gnu99 -o CMakeFiles/cmTC_cfa51.dir/src.c.o -c /home/irex/WorkSpace/Smart_Glasses/Demo/Smart_Glasses_demo/build/CMakeFiles/CMakeTmp/src.c
Linking C executable cmTC_cfa51
/usr/bin/cmake -E cmake_link_script CMakeFiles/cmTC_cfa51.dir/link.txt --verbose=1
/home/irex/WorkSpace/Smart_Glasses/SDK/rv1106-sdk/tools/linux/toolchain/arm-rockchip830-linux-uclibcgnueabihf/bin/arm-rockchip830-linux-uclibcgnueabihf-gcc --sysroot=/home/irex/WorkSpace/Smart_Glasses/SDK/rv1106-sdk/sysdrv/source/buildroot/buildroot-2023.02.6/output/host/arm-buildroot-linux-uclibcgnueabihf/sysroot  -std=c99 -pedantic -Wall -Wextra -Wfloat-equal -Wshadow  CMakeFiles/cmTC_cfa51.dir/src.c.o -o cmTC_cfa51 
gmake[1]: Leaving directory '/home/irex/WorkSpace/Smart_Glasses/Demo/Smart_Glasses_demo/build/CMakeFiles/CMakeTmp'


Source file was:
int main(void) { return 0; }
Performing C SOURCE FILE Test has_wunreachable_code succeeded with the following output:
Change Dir: /home/irex/WorkSpace/Smart_Glasses/Demo/Smart_Glasses_demo/build/CMakeFiles/CMakeTmp

Run Build Command(s):/usr/bin/gmake -f Makefile cmTC_bdee9/fast && /usr/bin/gmake  -f CMakeFiles/cmTC_bdee9.dir/build.make CMakeFiles/cmTC_bdee9.dir/build
gmake[1]: Entering directory '/home/irex/WorkSpace/Smart_Glasses/Demo/Smart_Glasses_demo/build/CMakeFiles/CMakeTmp'
Building C object CMakeFiles/cmTC_bdee9.dir/src.c.o
/home/irex/WorkSpace/Smart_Glasses/SDK/rv1106-sdk/tools/linux/toolchain/arm-rockchip830-linux-uclibcgnueabihf/bin/arm-rockchip830-linux-uclibcgnueabihf-gcc --sysroot=/home/irex/WorkSpace/Smart_Glasses/SDK/rv1106-sdk/sysdrv/source/buildroot/buildroot-2023.02.6/output/host/arm-buildroot-linux-uclibcgnueabihf/sysroot -Dhas_wunreachable_code -I/home/irex/WorkSpace/Smart_Glasses/Demo/Smart_Glasses_demo/libdatachannel/deps/usrsctp/usrsctplib -std=c99 -pedantic -Wall -Wextra -Wfloat-equal -Wshadow -Wpointer-arith  -fPIE   -Wunreachable-code -std=gnu99 -o CMakeFiles/cmTC_bdee9.dir/src.c.o -c /home/irex/WorkSpace/Smart_Glasses/Demo/Smart_Glasses_demo/build/CMakeFiles/CMakeTmp/src.c
Linking C executable cmTC_bdee9
/usr/bin/cmake -E cmake_link_script CMakeFiles/cmTC_bdee9.dir/link.txt --verbose=1
/home/irex/WorkSpace/Smart_Glasses/SDK/rv1106-sdk/tools/linux/toolchain/arm-rockchip830-linux-uclibcgnueabihf/bin/arm-rockchip830-linux-uclibcgnueabihf-gcc --sysroot=/home/irex/WorkSpace/Smart_Glasses/SDK/rv1106-sdk/sysdrv/source/buildroot/buildroot-2023.02.6/output/host/arm-buildroot-linux-uclibcgnueabihf/sysroot  -std=c99 -pedantic -Wall -Wextra -Wfloat-equal -Wshadow -Wpointer-arith  CMakeFiles/cmTC_bdee9.dir/src.c.o -o cmTC_bdee9 
gmake[1]: Leaving directory '/home/irex/WorkSpace/Smart_Glasses/Demo/Smart_Glasses_demo/build/CMakeFiles/CMakeTmp'


Source file was:
int main(void) { return 0; }
Performing C SOURCE FILE Test has_winit_self succeeded with the following output:
Change Dir: /home/irex/WorkSpace/Smart_Glasses/Demo/Smart_Glasses_demo/build/CMakeFiles/CMakeTmp

Run Build Command(s):/usr/bin/gmake -f Makefile cmTC_3a81e/fast && /usr/bin/gmake  -f CMakeFiles/cmTC_3a81e.dir/build.make CMakeFiles/cmTC_3a81e.dir/build
gmake[1]: Entering directory '/home/irex/WorkSpace/Smart_Glasses/Demo/Smart_Glasses_demo/build/CMakeFiles/CMakeTmp'
Building C object CMakeFiles/cmTC_3a81e.dir/src.c.o
/home/irex/WorkSpace/Smart_Glasses/SDK/rv1106-sdk/tools/linux/toolchain/arm-rockchip830-linux-uclibcgnueabihf/bin/arm-rockchip830-linux-uclibcgnueabihf-gcc --sysroot=/home/irex/WorkSpace/Smart_Glasses/SDK/rv1106-sdk/sysdrv/source/buildroot/buildroot-2023.02.6/output/host/arm-buildroot-linux-uclibcgnueabihf/sysroot -Dhas_winit_self -I/home/irex/WorkSpace/Smart_Glasses/Demo/Smart_Glasses_demo/libdatachannel/deps/usrsctp/usrsctplib -std=c99 -pedantic -Wall -Wextra -Wfloat-equal -Wshadow -Wpointer-arith -Wunreachable-code  -fPIE   -Winit-self -std=gnu99 -o CMakeFiles/cmTC_3a81e.dir/src.c.o -c /home/irex/WorkSpace/Smart_Glasses/Demo/Smart_Glasses_demo/build/CMakeFiles/CMakeTmp/src.c
Linking C executable cmTC_3a81e
/usr/bin/cmake -E cmake_link_script CMakeFiles/cmTC_3a81e.dir/link.txt --verbose=1
/home/irex/WorkSpace/Smart_Glasses/SDK/rv1106-sdk/tools/linux/toolchain/arm-rockchip830-linux-uclibcgnueabihf/bin/arm-rockchip830-linux-uclibcgnueabihf-gcc --sysroot=/home/irex/WorkSpace/Smart_Glasses/SDK/rv1106-sdk/sysdrv/source/buildroot/buildroot-2023.02.6/output/host/arm-buildroot-linux-uclibcgnueabihf/sysroot  -std=c99 -pedantic -Wall -Wextra -Wfloat-equal -Wshadow -Wpointer-arith -Wunreachable-code  CMakeFiles/cmTC_3a81e.dir/src.c.o -o cmTC_3a81e 
gmake[1]: Leaving directory '/home/irex/WorkSpace/Smart_Glasses/Demo/Smart_Glasses_demo/build/CMakeFiles/CMakeTmp'


Source file was:
int main(void) { return 0; }
Performing C SOURCE FILE Test has_wno_unused_function succeeded with the following output:
Change Dir: /home/irex/WorkSpace/Smart_Glasses/Demo/Smart_Glasses_demo/build/CMakeFiles/CMakeTmp

Run Build Command(s):/usr/bin/gmake -f Makefile cmTC_3ec83/fast && /usr/bin/gmake  -f CMakeFiles/cmTC_3ec83.dir/build.make CMakeFiles/cmTC_3ec83.dir/build
gmake[1]: Entering directory '/home/irex/WorkSpace/Smart_Glasses/Demo/Smart_Glasses_demo/build/CMakeFiles/CMakeTmp'
Building C object CMakeFiles/cmTC_3ec83.dir/src.c.o
/home/irex/WorkSpace/Smart_Glasses/SDK/rv1106-sdk/tools/linux/toolchain/arm-rockchip830-linux-uclibcgnueabihf/bin/arm-rockchip830-linux-uclibcgnueabihf-gcc --sysroot=/home/irex/WorkSpace/Smart_Glasses/SDK/rv1106-sdk/sysdrv/source/buildroot/buildroot-2023.02.6/output/host/arm-buildroot-linux-uclibcgnueabihf/sysroot -Dhas_wno_unused_function -I/home/irex/WorkSpace/Smart_Glasses/Demo/Smart_Glasses_demo/libdatachannel/deps/usrsctp/usrsctplib -std=c99 -pedantic -Wall -Wextra -Wfloat-equal -Wshadow -Wpointer-arith -Wunreachable-code -Winit-self  -fPIE   -Wno-unused-function -std=gnu99 -o CMakeFiles/cmTC_3ec83.dir/src.c.o -c /home/irex/WorkSpace/Smart_Glasses/Demo/Smart_Glasses_demo/build/CMakeFiles/CMakeTmp/src.c
Linking C executable cmTC_3ec83
/usr/bin/cmake -E cmake_link_script CMakeFiles/cmTC_3ec83.dir/link.txt --verbose=1
/home/irex/WorkSpace/Smart_Glasses/SDK/rv1106-sdk/tools/linux/toolchain/arm-rockchip830-linux-uclibcgnueabihf/bin/arm-rockchip830-linux-uclibcgnueabihf-gcc --sysroot=/home/irex/WorkSpace/Smart_Glasses/SDK/rv1106-sdk/sysdrv/source/buildroot/buildroot-2023.02.6/output/host/arm-buildroot-linux-uclibcgnueabihf/sysroot  -std=c99 -pedantic -Wall -Wextra -Wfloat-equal -Wshadow -Wpointer-arith -Wunreachable-code -Winit-self  CMakeFiles/cmTC_3ec83.dir/src.c.o -o cmTC_3ec83 
gmake[1]: Leaving directory '/home/irex/WorkSpace/Smart_Glasses/Demo/Smart_Glasses_demo/build/CMakeFiles/CMakeTmp'


Source file was:
int main(void) { return 0; }
Performing C SOURCE FILE Test has_wno_unused_parameter succeeded with the following output:
Change Dir: /home/irex/WorkSpace/Smart_Glasses/Demo/Smart_Glasses_demo/build/CMakeFiles/CMakeTmp

Run Build Command(s):/usr/bin/gmake -f Makefile cmTC_c6a4a/fast && /usr/bin/gmake  -f CMakeFiles/cmTC_c6a4a.dir/build.make CMakeFiles/cmTC_c6a4a.dir/build
gmake[1]: Entering directory '/home/irex/WorkSpace/Smart_Glasses/Demo/Smart_Glasses_demo/build/CMakeFiles/CMakeTmp'
Building C object CMakeFiles/cmTC_c6a4a.dir/src.c.o
/home/irex/WorkSpace/Smart_Glasses/SDK/rv1106-sdk/tools/linux/toolchain/arm-rockchip830-linux-uclibcgnueabihf/bin/arm-rockchip830-linux-uclibcgnueabihf-gcc --sysroot=/home/irex/WorkSpace/Smart_Glasses/SDK/rv1106-sdk/sysdrv/source/buildroot/buildroot-2023.02.6/output/host/arm-buildroot-linux-uclibcgnueabihf/sysroot -Dhas_wno_unused_parameter -I/home/irex/WorkSpace/Smart_Glasses/Demo/Smart_Glasses_demo/libdatachannel/deps/usrsctp/usrsctplib -std=c99 -pedantic -Wall -Wextra -Wfloat-equal -Wshadow -Wpointer-arith -Wunreachable-code -Winit-self -Wno-unused-function  -fPIE   -Wno-unused-parameter -std=gnu99 -o CMakeFiles/cmTC_c6a4a.dir/src.c.o -c /home/irex/WorkSpace/Smart_Glasses/Demo/Smart_Glasses_demo/build/CMakeFiles/CMakeTmp/src.c
Linking C executable cmTC_c6a4a
/usr/bin/cmake -E cmake_link_script CMakeFiles/cmTC_c6a4a.dir/link.txt --verbose=1
/home/irex/WorkSpace/Smart_Glasses/SDK/rv1106-sdk/tools/linux/toolchain/arm-rockchip830-linux-uclibcgnueabihf/bin/arm-rockchip830-linux-uclibcgnueabihf-gcc --sysroot=/home/irex/WorkSpace/Smart_Glasses/SDK/rv1106-sdk/sysdrv/source/buildroot/buildroot-2023.02.6/output/host/arm-buildroot-linux-uclibcgnueabihf/sysroot  -std=c99 -pedantic -Wall -Wextra -Wfloat-equal -Wshadow -Wpointer-arith -Wunreachable-code -Winit-self -Wno-unused-function  CMakeFiles/cmTC_c6a4a.dir/src.c.o -o cmTC_c6a4a 
gmake[1]: Leaving directory '/home/irex/WorkSpace/Smart_Glasses/Demo/Smart_Glasses_demo/build/CMakeFiles/CMakeTmp'


Source file was:
int main(void) { return 0; }
Performing C SOURCE FILE Test has_wno_unreachable_code succeeded with the following output:
Change Dir: /home/irex/WorkSpace/Smart_Glasses/Demo/Smart_Glasses_demo/build/CMakeFiles/CMakeTmp

Run Build Command(s):/usr/bin/gmake -f Makefile cmTC_11e29/fast && /usr/bin/gmake  -f CMakeFiles/cmTC_11e29.dir/build.make CMakeFiles/cmTC_11e29.dir/build
gmake[1]: Entering directory '/home/irex/WorkSpace/Smart_Glasses/Demo/Smart_Glasses_demo/build/CMakeFiles/CMakeTmp'
Building C object CMakeFiles/cmTC_11e29.dir/src.c.o
/home/irex/WorkSpace/Smart_Glasses/SDK/rv1106-sdk/tools/linux/toolchain/arm-rockchip830-linux-uclibcgnueabihf/bin/arm-rockchip830-linux-uclibcgnueabihf-gcc --sysroot=/home/irex/WorkSpace/Smart_Glasses/SDK/rv1106-sdk/sysdrv/source/buildroot/buildroot-2023.02.6/output/host/arm-buildroot-linux-uclibcgnueabihf/sysroot -Dhas_wno_unreachable_code -I/home/irex/WorkSpace/Smart_Glasses/Demo/Smart_Glasses_demo/libdatachannel/deps/usrsctp/usrsctplib -std=c99 -pedantic -Wall -Wextra -Wfloat-equal -Wshadow -Wpointer-arith -Wunreachable-code -Winit-self -Wno-unused-function -Wno-unused-parameter  -fPIE   -Wno-unreachable-code -std=gnu99 -o CMakeFiles/cmTC_11e29.dir/src.c.o -c /home/irex/WorkSpace/Smart_Glasses/Demo/Smart_Glasses_demo/build/CMakeFiles/CMakeTmp/src.c
Linking C executable cmTC_11e29
/usr/bin/cmake -E cmake_link_script CMakeFiles/cmTC_11e29.dir/link.txt --verbose=1
/home/irex/WorkSpace/Smart_Glasses/SDK/rv1106-sdk/tools/linux/toolchain/arm-rockchip830-linux-uclibcgnueabihf/bin/arm-rockchip830-linux-uclibcgnueabihf-gcc --sysroot=/home/irex/WorkSpace/Smart_Glasses/SDK/rv1106-sdk/sysdrv/source/buildroot/buildroot-2023.02.6/output/host/arm-buildroot-linux-uclibcgnueabihf/sysroot  -std=c99 -pedantic -Wall -Wextra -Wfloat-equal -Wshadow -Wpointer-arith -Wunreachable-code -Winit-self -Wno-unused-function -Wno-unused-parameter  CMakeFiles/cmTC_11e29.dir/src.c.o -o cmTC_11e29 
gmake[1]: Leaving directory '/home/irex/WorkSpace/Smart_Glasses/Demo/Smart_Glasses_demo/build/CMakeFiles/CMakeTmp'


Source file was:
int main(void) { return 0; }
Performing C SOURCE FILE Test has_wstrict_prototypes succeeded with the following output:
Change Dir: /home/irex/WorkSpace/Smart_Glasses/Demo/Smart_Glasses_demo/build/CMakeFiles/CMakeTmp

Run Build Command(s):/usr/bin/gmake -f Makefile cmTC_f70cc/fast && /usr/bin/gmake  -f CMakeFiles/cmTC_f70cc.dir/build.make CMakeFiles/cmTC_f70cc.dir/build
gmake[1]: Entering directory '/home/irex/WorkSpace/Smart_Glasses/Demo/Smart_Glasses_demo/build/CMakeFiles/CMakeTmp'
Building C object CMakeFiles/cmTC_f70cc.dir/src.c.o
/home/irex/WorkSpace/Smart_Glasses/SDK/rv1106-sdk/tools/linux/toolchain/arm-rockchip830-linux-uclibcgnueabihf/bin/arm-rockchip830-linux-uclibcgnueabihf-gcc --sysroot=/home/irex/WorkSpace/Smart_Glasses/SDK/rv1106-sdk/sysdrv/source/buildroot/buildroot-2023.02.6/output/host/arm-buildroot-linux-uclibcgnueabihf/sysroot -Dhas_wstrict_prototypes -I/home/irex/WorkSpace/Smart_Glasses/Demo/Smart_Glasses_demo/libdatachannel/deps/usrsctp/usrsctplib -std=c99 -pedantic -Wall -Wextra -Wfloat-equal -Wshadow -Wpointer-arith -Wunreachable-code -Winit-self -Wno-unused-function -Wno-unused-parameter -Wno-unreachable-code  -fPIE   -Wstrict-prototypes -std=gnu99 -o CMakeFiles/cmTC_f70cc.dir/src.c.o -c /home/irex/WorkSpace/Smart_Glasses/Demo/Smart_Glasses_demo/build/CMakeFiles/CMakeTmp/src.c
Linking C executable cmTC_f70cc
/usr/bin/cmake -E cmake_link_script CMakeFiles/cmTC_f70cc.dir/link.txt --verbose=1
/home/irex/WorkSpace/Smart_Glasses/SDK/rv1106-sdk/tools/linux/toolchain/arm-rockchip830-linux-uclibcgnueabihf/bin/arm-rockchip830-linux-uclibcgnueabihf-gcc --sysroot=/home/irex/WorkSpace/Smart_Glasses/SDK/rv1106-sdk/sysdrv/source/buildroot/buildroot-2023.02.6/output/host/arm-buildroot-linux-uclibcgnueabihf/sysroot  -std=c99 -pedantic -Wall -Wextra -Wfloat-equal -Wshadow -Wpointer-arith -Wunreachable-code -Winit-self -Wno-unused-function -Wno-unused-parameter -Wno-unreachable-code  CMakeFiles/cmTC_f70cc.dir/src.c.o -o cmTC_f70cc 
gmake[1]: Leaving directory '/home/irex/WorkSpace/Smart_Glasses/Demo/Smart_Glasses_demo/build/CMakeFiles/CMakeTmp'


Source file was:
int main(void) { return 0; }
Performing C SOURCE FILE Test has_wno_address_of_packed_member succeeded with the following output:
Change Dir: /home/irex/WorkSpace/Smart_Glasses/Demo/Smart_Glasses_demo/build/CMakeFiles/CMakeTmp

Run Build Command(s):/usr/bin/gmake -f Makefile cmTC_4ab60/fast && /usr/bin/gmake  -f CMakeFiles/cmTC_4ab60.dir/build.make CMakeFiles/cmTC_4ab60.dir/build
gmake[1]: Entering directory '/home/irex/WorkSpace/Smart_Glasses/Demo/Smart_Glasses_demo/build/CMakeFiles/CMakeTmp'
Building C object CMakeFiles/cmTC_4ab60.dir/src.c.o
/home/irex/WorkSpace/Smart_Glasses/SDK/rv1106-sdk/tools/linux/toolchain/arm-rockchip830-linux-uclibcgnueabihf/bin/arm-rockchip830-linux-uclibcgnueabihf-gcc --sysroot=/home/irex/WorkSpace/Smart_Glasses/SDK/rv1106-sdk/sysdrv/source/buildroot/buildroot-2023.02.6/output/host/arm-buildroot-linux-uclibcgnueabihf/sysroot -Dhas_wno_address_of_packed_member -I/home/irex/WorkSpace/Smart_Glasses/Demo/Smart_Glasses_demo/libdatachannel/deps/usrsctp/usrsctplib -std=c99 -pedantic -Wall -Wextra -Wfloat-equal -Wshadow -Wpointer-arith -Wunreachable-code -Winit-self -Wno-unused-function -Wno-unused-parameter -Wno-unreachable-code -Wstrict-prototypes  -fPIE   -Wno-address-of-packed-member -std=gnu99 -o CMakeFiles/cmTC_4ab60.dir/src.c.o -c /home/irex/WorkSpace/Smart_Glasses/Demo/Smart_Glasses_demo/build/CMakeFiles/CMakeTmp/src.c
Linking C executable cmTC_4ab60
/usr/bin/cmake -E cmake_link_script CMakeFiles/cmTC_4ab60.dir/link.txt --verbose=1
/home/irex/WorkSpace/Smart_Glasses/SDK/rv1106-sdk/tools/linux/toolchain/arm-rockchip830-linux-uclibcgnueabihf/bin/arm-rockchip830-linux-uclibcgnueabihf-gcc --sysroot=/home/irex/WorkSpace/Smart_Glasses/SDK/rv1106-sdk/sysdrv/source/buildroot/buildroot-2023.02.6/output/host/arm-buildroot-linux-uclibcgnueabihf/sysroot  -std=c99 -pedantic -Wall -Wextra -Wfloat-equal -Wshadow -Wpointer-arith -Wunreachable-code -Winit-self -Wno-unused-function -Wno-unused-parameter -Wno-unreachable-code -Wstrict-prototypes  CMakeFiles/cmTC_4ab60.dir/src.c.o -o cmTC_4ab60 
gmake[1]: Leaving directory '/home/irex/WorkSpace/Smart_Glasses/Demo/Smart_Glasses_demo/build/CMakeFiles/CMakeTmp'


Source file was:
int main(void) { return 0; }
Performing C SOURCE FILE Test has_wno_deprecated_declarations succeeded with the following output:
Change Dir: /home/irex/WorkSpace/Smart_Glasses/Demo/Smart_Glasses_demo/build/CMakeFiles/CMakeTmp

Run Build Command(s):/usr/bin/gmake -f Makefile cmTC_ebabc/fast && /usr/bin/gmake  -f CMakeFiles/cmTC_ebabc.dir/build.make CMakeFiles/cmTC_ebabc.dir/build
gmake[1]: Entering directory '/home/irex/WorkSpace/Smart_Glasses/Demo/Smart_Glasses_demo/build/CMakeFiles/CMakeTmp'
Building C object CMakeFiles/cmTC_ebabc.dir/src.c.o
/home/irex/WorkSpace/Smart_Glasses/SDK/rv1106-sdk/tools/linux/toolchain/arm-rockchip830-linux-uclibcgnueabihf/bin/arm-rockchip830-linux-uclibcgnueabihf-gcc --sysroot=/home/irex/WorkSpace/Smart_Glasses/SDK/rv1106-sdk/sysdrv/source/buildroot/buildroot-2023.02.6/output/host/arm-buildroot-linux-uclibcgnueabihf/sysroot -Dhas_wno_deprecated_declarations -I/home/irex/WorkSpace/Smart_Glasses/Demo/Smart_Glasses_demo/libdatachannel/deps/usrsctp/usrsctplib -std=c99 -pedantic -Wall -Wextra -Wfloat-equal -Wshadow -Wpointer-arith -Wunreachable-code -Winit-self -Wno-unused-function -Wno-unused-parameter -Wno-unreachable-code -Wstrict-prototypes -Wno-address-of-packed-member  -fPIE   -Wno-deprecated-declarations -std=gnu99 -o CMakeFiles/cmTC_ebabc.dir/src.c.o -c /home/irex/WorkSpace/Smart_Glasses/Demo/Smart_Glasses_demo/build/CMakeFiles/CMakeTmp/src.c
Linking C executable cmTC_ebabc
/usr/bin/cmake -E cmake_link_script CMakeFiles/cmTC_ebabc.dir/link.txt --verbose=1
/home/irex/WorkSpace/Smart_Glasses/SDK/rv1106-sdk/tools/linux/toolchain/arm-rockchip830-linux-uclibcgnueabihf/bin/arm-rockchip830-linux-uclibcgnueabihf-gcc --sysroot=/home/irex/WorkSpace/Smart_Glasses/SDK/rv1106-sdk/sysdrv/source/buildroot/buildroot-2023.02.6/output/host/arm-buildroot-linux-uclibcgnueabihf/sysroot  -std=c99 -pedantic -Wall -Wextra -Wfloat-equal -Wshadow -Wpointer-arith -Wunreachable-code -Winit-self -Wno-unused-function -Wno-unused-parameter -Wno-unreachable-code -Wstrict-prototypes -Wno-address-of-packed-member  CMakeFiles/cmTC_ebabc.dir/src.c.o -o cmTC_ebabc 
gmake[1]: Leaving directory '/home/irex/WorkSpace/Smart_Glasses/Demo/Smart_Glasses_demo/build/CMakeFiles/CMakeTmp'


Source file was:
int main(void) { return 0; }
Determining if the include file arpa/inet.h exists passed with the following output:
Change Dir: /home/irex/WorkSpace/Smart_Glasses/Demo/Smart_Glasses_demo/build/CMakeFiles/CMakeTmp

Run Build Command(s):/usr/bin/gmake -f Makefile cmTC_ea529/fast && /usr/bin/gmake  -f CMakeFiles/cmTC_ea529.dir/build.make CMakeFiles/cmTC_ea529.dir/build
gmake[1]: 进入目录“/home/irex/WorkSpace/Smart_Glasses/Demo/Smart_Glasses_demo/build/CMakeFiles/CMakeTmp”
Building C object CMakeFiles/cmTC_ea529.dir/CheckIncludeFile.c.o
/home/irex/WorkSpace/Smart_Glasses/SDK/rv1106-sdk/tools/linux/toolchain/arm-rockchip830-linux-uclibcgnueabihf/bin/arm-rockchip830-linux-uclibcgnueabihf-gcc --sysroot=/home/irex/WorkSpace/Smart_Glasses/SDK/rv1106-sdk/sysdrv/source/buildroot/buildroot-2023.02.6/output/host/arm-buildroot-linux-uclibcgnueabihf/sysroot   -fPIE -std=gnu99 -o CMakeFiles/cmTC_ea529.dir/CheckIncludeFile.c.o -c /home/irex/WorkSpace/Smart_Glasses/Demo/Smart_Glasses_demo/build/CMakeFiles/CMakeTmp/CheckIncludeFile.c
Linking C executable cmTC_ea529
/usr/bin/cmake -E cmake_link_script CMakeFiles/cmTC_ea529.dir/link.txt --verbose=1
/home/irex/WorkSpace/Smart_Glasses/SDK/rv1106-sdk/tools/linux/toolchain/arm-rockchip830-linux-uclibcgnueabihf/bin/arm-rockchip830-linux-uclibcgnueabihf-gcc --sysroot=/home/irex/WorkSpace/Smart_Glasses/SDK/rv1106-sdk/sysdrv/source/buildroot/buildroot-2023.02.6/output/host/arm-buildroot-linux-uclibcgnueabihf/sysroot CMakeFiles/cmTC_ea529.dir/CheckIncludeFile.c.o -o cmTC_ea529 
gmake[1]: 离开目录“/home/irex/WorkSpace/Smart_Glasses/Demo/Smart_Glasses_demo/build/CMakeFiles/CMakeTmp”



Determining if the include file byteswap.h exists passed with the following output:
Change Dir: /home/irex/WorkSpace/Smart_Glasses/Demo/Smart_Glasses_demo/build/CMakeFiles/CMakeTmp

Run Build Command(s):/usr/bin/gmake -f Makefile cmTC_401e7/fast && /usr/bin/gmake  -f CMakeFiles/cmTC_401e7.dir/build.make CMakeFiles/cmTC_401e7.dir/build
gmake[1]: 进入目录“/home/irex/WorkSpace/Smart_Glasses/Demo/Smart_Glasses_demo/build/CMakeFiles/CMakeTmp”
Building C object CMakeFiles/cmTC_401e7.dir/CheckIncludeFile.c.o
/home/irex/WorkSpace/Smart_Glasses/SDK/rv1106-sdk/tools/linux/toolchain/arm-rockchip830-linux-uclibcgnueabihf/bin/arm-rockchip830-linux-uclibcgnueabihf-gcc --sysroot=/home/irex/WorkSpace/Smart_Glasses/SDK/rv1106-sdk/sysdrv/source/buildroot/buildroot-2023.02.6/output/host/arm-buildroot-linux-uclibcgnueabihf/sysroot   -fPIE -std=gnu99 -o CMakeFiles/cmTC_401e7.dir/CheckIncludeFile.c.o -c /home/irex/WorkSpace/Smart_Glasses/Demo/Smart_Glasses_demo/build/CMakeFiles/CMakeTmp/CheckIncludeFile.c
Linking C executable cmTC_401e7
/usr/bin/cmake -E cmake_link_script CMakeFiles/cmTC_401e7.dir/link.txt --verbose=1
/home/irex/WorkSpace/Smart_Glasses/SDK/rv1106-sdk/tools/linux/toolchain/arm-rockchip830-linux-uclibcgnueabihf/bin/arm-rockchip830-linux-uclibcgnueabihf-gcc --sysroot=/home/irex/WorkSpace/Smart_Glasses/SDK/rv1106-sdk/sysdrv/source/buildroot/buildroot-2023.02.6/output/host/arm-buildroot-linux-uclibcgnueabihf/sysroot CMakeFiles/cmTC_401e7.dir/CheckIncludeFile.c.o -o cmTC_401e7 
gmake[1]: 离开目录“/home/irex/WorkSpace/Smart_Glasses/Demo/Smart_Glasses_demo/build/CMakeFiles/CMakeTmp”



Determining if the include file inttypes.h exists passed with the following output:
Change Dir: /home/irex/WorkSpace/Smart_Glasses/Demo/Smart_Glasses_demo/build/CMakeFiles/CMakeTmp

Run Build Command(s):/usr/bin/gmake -f Makefile cmTC_0861f/fast && /usr/bin/gmake  -f CMakeFiles/cmTC_0861f.dir/build.make CMakeFiles/cmTC_0861f.dir/build
gmake[1]: 进入目录“/home/irex/WorkSpace/Smart_Glasses/Demo/Smart_Glasses_demo/build/CMakeFiles/CMakeTmp”
Building C object CMakeFiles/cmTC_0861f.dir/CheckIncludeFile.c.o
/home/irex/WorkSpace/Smart_Glasses/SDK/rv1106-sdk/tools/linux/toolchain/arm-rockchip830-linux-uclibcgnueabihf/bin/arm-rockchip830-linux-uclibcgnueabihf-gcc --sysroot=/home/irex/WorkSpace/Smart_Glasses/SDK/rv1106-sdk/sysdrv/source/buildroot/buildroot-2023.02.6/output/host/arm-buildroot-linux-uclibcgnueabihf/sysroot   -fPIE -std=gnu99 -o CMakeFiles/cmTC_0861f.dir/CheckIncludeFile.c.o -c /home/irex/WorkSpace/Smart_Glasses/Demo/Smart_Glasses_demo/build/CMakeFiles/CMakeTmp/CheckIncludeFile.c
Linking C executable cmTC_0861f
/usr/bin/cmake -E cmake_link_script CMakeFiles/cmTC_0861f.dir/link.txt --verbose=1
/home/irex/WorkSpace/Smart_Glasses/SDK/rv1106-sdk/tools/linux/toolchain/arm-rockchip830-linux-uclibcgnueabihf/bin/arm-rockchip830-linux-uclibcgnueabihf-gcc --sysroot=/home/irex/WorkSpace/Smart_Glasses/SDK/rv1106-sdk/sysdrv/source/buildroot/buildroot-2023.02.6/output/host/arm-buildroot-linux-uclibcgnueabihf/sysroot CMakeFiles/cmTC_0861f.dir/CheckIncludeFile.c.o -o cmTC_0861f 
gmake[1]: 离开目录“/home/irex/WorkSpace/Smart_Glasses/Demo/Smart_Glasses_demo/build/CMakeFiles/CMakeTmp”



Determining if the include file netinet/in.h exists passed with the following output:
Change Dir: /home/irex/WorkSpace/Smart_Glasses/Demo/Smart_Glasses_demo/build/CMakeFiles/CMakeTmp

Run Build Command(s):/usr/bin/gmake -f Makefile cmTC_da6a5/fast && /usr/bin/gmake  -f CMakeFiles/cmTC_da6a5.dir/build.make CMakeFiles/cmTC_da6a5.dir/build
gmake[1]: 进入目录“/home/irex/WorkSpace/Smart_Glasses/Demo/Smart_Glasses_demo/build/CMakeFiles/CMakeTmp”
Building C object CMakeFiles/cmTC_da6a5.dir/CheckIncludeFile.c.o
/home/irex/WorkSpace/Smart_Glasses/SDK/rv1106-sdk/tools/linux/toolchain/arm-rockchip830-linux-uclibcgnueabihf/bin/arm-rockchip830-linux-uclibcgnueabihf-gcc --sysroot=/home/irex/WorkSpace/Smart_Glasses/SDK/rv1106-sdk/sysdrv/source/buildroot/buildroot-2023.02.6/output/host/arm-buildroot-linux-uclibcgnueabihf/sysroot   -fPIE -std=gnu99 -o CMakeFiles/cmTC_da6a5.dir/CheckIncludeFile.c.o -c /home/irex/WorkSpace/Smart_Glasses/Demo/Smart_Glasses_demo/build/CMakeFiles/CMakeTmp/CheckIncludeFile.c
Linking C executable cmTC_da6a5
/usr/bin/cmake -E cmake_link_script CMakeFiles/cmTC_da6a5.dir/link.txt --verbose=1
/home/irex/WorkSpace/Smart_Glasses/SDK/rv1106-sdk/tools/linux/toolchain/arm-rockchip830-linux-uclibcgnueabihf/bin/arm-rockchip830-linux-uclibcgnueabihf-gcc --sysroot=/home/irex/WorkSpace/Smart_Glasses/SDK/rv1106-sdk/sysdrv/source/buildroot/buildroot-2023.02.6/output/host/arm-buildroot-linux-uclibcgnueabihf/sysroot CMakeFiles/cmTC_da6a5.dir/CheckIncludeFile.c.o -o cmTC_da6a5 
gmake[1]: 离开目录“/home/irex/WorkSpace/Smart_Glasses/Demo/Smart_Glasses_demo/build/CMakeFiles/CMakeTmp”



Determining if the include file stdint.h exists passed with the following output:
Change Dir: /home/irex/WorkSpace/Smart_Glasses/Demo/Smart_Glasses_demo/build/CMakeFiles/CMakeTmp

Run Build Command(s):/usr/bin/gmake -f Makefile cmTC_1d9c8/fast && /usr/bin/gmake  -f CMakeFiles/cmTC_1d9c8.dir/build.make CMakeFiles/cmTC_1d9c8.dir/build
gmake[1]: 进入目录“/home/irex/WorkSpace/Smart_Glasses/Demo/Smart_Glasses_demo/build/CMakeFiles/CMakeTmp”
Building C object CMakeFiles/cmTC_1d9c8.dir/CheckIncludeFile.c.o
/home/irex/WorkSpace/Smart_Glasses/SDK/rv1106-sdk/tools/linux/toolchain/arm-rockchip830-linux-uclibcgnueabihf/bin/arm-rockchip830-linux-uclibcgnueabihf-gcc --sysroot=/home/irex/WorkSpace/Smart_Glasses/SDK/rv1106-sdk/sysdrv/source/buildroot/buildroot-2023.02.6/output/host/arm-buildroot-linux-uclibcgnueabihf/sysroot   -fPIE -std=gnu99 -o CMakeFiles/cmTC_1d9c8.dir/CheckIncludeFile.c.o -c /home/irex/WorkSpace/Smart_Glasses/Demo/Smart_Glasses_demo/build/CMakeFiles/CMakeTmp/CheckIncludeFile.c
Linking C executable cmTC_1d9c8
/usr/bin/cmake -E cmake_link_script CMakeFiles/cmTC_1d9c8.dir/link.txt --verbose=1
/home/irex/WorkSpace/Smart_Glasses/SDK/rv1106-sdk/tools/linux/toolchain/arm-rockchip830-linux-uclibcgnueabihf/bin/arm-rockchip830-linux-uclibcgnueabihf-gcc --sysroot=/home/irex/WorkSpace/Smart_Glasses/SDK/rv1106-sdk/sysdrv/source/buildroot/buildroot-2023.02.6/output/host/arm-buildroot-linux-uclibcgnueabihf/sysroot CMakeFiles/cmTC_1d9c8.dir/CheckIncludeFile.c.o -o cmTC_1d9c8 
gmake[1]: 离开目录“/home/irex/WorkSpace/Smart_Glasses/Demo/Smart_Glasses_demo/build/CMakeFiles/CMakeTmp”



Determining if the include file stdlib.h exists passed with the following output:
Change Dir: /home/irex/WorkSpace/Smart_Glasses/Demo/Smart_Glasses_demo/build/CMakeFiles/CMakeTmp

Run Build Command(s):/usr/bin/gmake -f Makefile cmTC_8a1c2/fast && /usr/bin/gmake  -f CMakeFiles/cmTC_8a1c2.dir/build.make CMakeFiles/cmTC_8a1c2.dir/build
gmake[1]: 进入目录“/home/irex/WorkSpace/Smart_Glasses/Demo/Smart_Glasses_demo/build/CMakeFiles/CMakeTmp”
Building C object CMakeFiles/cmTC_8a1c2.dir/CheckIncludeFile.c.o
/home/irex/WorkSpace/Smart_Glasses/SDK/rv1106-sdk/tools/linux/toolchain/arm-rockchip830-linux-uclibcgnueabihf/bin/arm-rockchip830-linux-uclibcgnueabihf-gcc --sysroot=/home/irex/WorkSpace/Smart_Glasses/SDK/rv1106-sdk/sysdrv/source/buildroot/buildroot-2023.02.6/output/host/arm-buildroot-linux-uclibcgnueabihf/sysroot   -fPIE -std=gnu99 -o CMakeFiles/cmTC_8a1c2.dir/CheckIncludeFile.c.o -c /home/irex/WorkSpace/Smart_Glasses/Demo/Smart_Glasses_demo/build/CMakeFiles/CMakeTmp/CheckIncludeFile.c
Linking C executable cmTC_8a1c2
/usr/bin/cmake -E cmake_link_script CMakeFiles/cmTC_8a1c2.dir/link.txt --verbose=1
/home/irex/WorkSpace/Smart_Glasses/SDK/rv1106-sdk/tools/linux/toolchain/arm-rockchip830-linux-uclibcgnueabihf/bin/arm-rockchip830-linux-uclibcgnueabihf-gcc --sysroot=/home/irex/WorkSpace/Smart_Glasses/SDK/rv1106-sdk/sysdrv/source/buildroot/buildroot-2023.02.6/output/host/arm-buildroot-linux-uclibcgnueabihf/sysroot CMakeFiles/cmTC_8a1c2.dir/CheckIncludeFile.c.o -o cmTC_8a1c2 
gmake[1]: 离开目录“/home/irex/WorkSpace/Smart_Glasses/Demo/Smart_Glasses_demo/build/CMakeFiles/CMakeTmp”



Determining if the include file sys/socket.h exists passed with the following output:
Change Dir: /home/irex/WorkSpace/Smart_Glasses/Demo/Smart_Glasses_demo/build/CMakeFiles/CMakeTmp

Run Build Command(s):/usr/bin/gmake -f Makefile cmTC_9b46c/fast && /usr/bin/gmake  -f CMakeFiles/cmTC_9b46c.dir/build.make CMakeFiles/cmTC_9b46c.dir/build
gmake[1]: 进入目录“/home/irex/WorkSpace/Smart_Glasses/Demo/Smart_Glasses_demo/build/CMakeFiles/CMakeTmp”
Building C object CMakeFiles/cmTC_9b46c.dir/CheckIncludeFile.c.o
/home/irex/WorkSpace/Smart_Glasses/SDK/rv1106-sdk/tools/linux/toolchain/arm-rockchip830-linux-uclibcgnueabihf/bin/arm-rockchip830-linux-uclibcgnueabihf-gcc --sysroot=/home/irex/WorkSpace/Smart_Glasses/SDK/rv1106-sdk/sysdrv/source/buildroot/buildroot-2023.02.6/output/host/arm-buildroot-linux-uclibcgnueabihf/sysroot   -fPIE -std=gnu99 -o CMakeFiles/cmTC_9b46c.dir/CheckIncludeFile.c.o -c /home/irex/WorkSpace/Smart_Glasses/Demo/Smart_Glasses_demo/build/CMakeFiles/CMakeTmp/CheckIncludeFile.c
Linking C executable cmTC_9b46c
/usr/bin/cmake -E cmake_link_script CMakeFiles/cmTC_9b46c.dir/link.txt --verbose=1
/home/irex/WorkSpace/Smart_Glasses/SDK/rv1106-sdk/tools/linux/toolchain/arm-rockchip830-linux-uclibcgnueabihf/bin/arm-rockchip830-linux-uclibcgnueabihf-gcc --sysroot=/home/irex/WorkSpace/Smart_Glasses/SDK/rv1106-sdk/sysdrv/source/buildroot/buildroot-2023.02.6/output/host/arm-buildroot-linux-uclibcgnueabihf/sysroot CMakeFiles/cmTC_9b46c.dir/CheckIncludeFile.c.o -o cmTC_9b46c 
gmake[1]: 离开目录“/home/irex/WorkSpace/Smart_Glasses/Demo/Smart_Glasses_demo/build/CMakeFiles/CMakeTmp”



Determining if the include file sys/types.h exists passed with the following output:
Change Dir: /home/irex/WorkSpace/Smart_Glasses/Demo/Smart_Glasses_demo/build/CMakeFiles/CMakeTmp

Run Build Command(s):/usr/bin/gmake -f Makefile cmTC_5be65/fast && /usr/bin/gmake  -f CMakeFiles/cmTC_5be65.dir/build.make CMakeFiles/cmTC_5be65.dir/build
gmake[1]: 进入目录“/home/irex/WorkSpace/Smart_Glasses/Demo/Smart_Glasses_demo/build/CMakeFiles/CMakeTmp”
Building C object CMakeFiles/cmTC_5be65.dir/CheckIncludeFile.c.o
/home/irex/WorkSpace/Smart_Glasses/SDK/rv1106-sdk/tools/linux/toolchain/arm-rockchip830-linux-uclibcgnueabihf/bin/arm-rockchip830-linux-uclibcgnueabihf-gcc --sysroot=/home/irex/WorkSpace/Smart_Glasses/SDK/rv1106-sdk/sysdrv/source/buildroot/buildroot-2023.02.6/output/host/arm-buildroot-linux-uclibcgnueabihf/sysroot   -fPIE -std=gnu99 -o CMakeFiles/cmTC_5be65.dir/CheckIncludeFile.c.o -c /home/irex/WorkSpace/Smart_Glasses/Demo/Smart_Glasses_demo/build/CMakeFiles/CMakeTmp/CheckIncludeFile.c
Linking C executable cmTC_5be65
/usr/bin/cmake -E cmake_link_script CMakeFiles/cmTC_5be65.dir/link.txt --verbose=1
/home/irex/WorkSpace/Smart_Glasses/SDK/rv1106-sdk/tools/linux/toolchain/arm-rockchip830-linux-uclibcgnueabihf/bin/arm-rockchip830-linux-uclibcgnueabihf-gcc --sysroot=/home/irex/WorkSpace/Smart_Glasses/SDK/rv1106-sdk/sysdrv/source/buildroot/buildroot-2023.02.6/output/host/arm-buildroot-linux-uclibcgnueabihf/sysroot CMakeFiles/cmTC_5be65.dir/CheckIncludeFile.c.o -o cmTC_5be65 
gmake[1]: 离开目录“/home/irex/WorkSpace/Smart_Glasses/Demo/Smart_Glasses_demo/build/CMakeFiles/CMakeTmp”



Determining if the include file unistd.h exists passed with the following output:
Change Dir: /home/irex/WorkSpace/Smart_Glasses/Demo/Smart_Glasses_demo/build/CMakeFiles/CMakeTmp

Run Build Command(s):/usr/bin/gmake -f Makefile cmTC_89901/fast && /usr/bin/gmake  -f CMakeFiles/cmTC_89901.dir/build.make CMakeFiles/cmTC_89901.dir/build
gmake[1]: 进入目录“/home/irex/WorkSpace/Smart_Glasses/Demo/Smart_Glasses_demo/build/CMakeFiles/CMakeTmp”
Building C object CMakeFiles/cmTC_89901.dir/CheckIncludeFile.c.o
/home/irex/WorkSpace/Smart_Glasses/SDK/rv1106-sdk/tools/linux/toolchain/arm-rockchip830-linux-uclibcgnueabihf/bin/arm-rockchip830-linux-uclibcgnueabihf-gcc --sysroot=/home/irex/WorkSpace/Smart_Glasses/SDK/rv1106-sdk/sysdrv/source/buildroot/buildroot-2023.02.6/output/host/arm-buildroot-linux-uclibcgnueabihf/sysroot   -fPIE -std=gnu99 -o CMakeFiles/cmTC_89901.dir/CheckIncludeFile.c.o -c /home/irex/WorkSpace/Smart_Glasses/Demo/Smart_Glasses_demo/build/CMakeFiles/CMakeTmp/CheckIncludeFile.c
Linking C executable cmTC_89901
/usr/bin/cmake -E cmake_link_script CMakeFiles/cmTC_89901.dir/link.txt --verbose=1
/home/irex/WorkSpace/Smart_Glasses/SDK/rv1106-sdk/tools/linux/toolchain/arm-rockchip830-linux-uclibcgnueabihf/bin/arm-rockchip830-linux-uclibcgnueabihf-gcc --sysroot=/home/irex/WorkSpace/Smart_Glasses/SDK/rv1106-sdk/sysdrv/source/buildroot/buildroot-2023.02.6/output/host/arm-buildroot-linux-uclibcgnueabihf/sysroot CMakeFiles/cmTC_89901.dir/CheckIncludeFile.c.o -o cmTC_89901 
gmake[1]: 离开目录“/home/irex/WorkSpace/Smart_Glasses/Demo/Smart_Glasses_demo/build/CMakeFiles/CMakeTmp”



Determining if the function sigaction exists passed with the following output:
Change Dir: /home/irex/WorkSpace/Smart_Glasses/Demo/Smart_Glasses_demo/build/CMakeFiles/CMakeTmp

Run Build Command(s):/usr/bin/gmake -f Makefile cmTC_f4c68/fast && /usr/bin/gmake  -f CMakeFiles/cmTC_f4c68.dir/build.make CMakeFiles/cmTC_f4c68.dir/build
gmake[1]: 进入目录“/home/irex/WorkSpace/Smart_Glasses/Demo/Smart_Glasses_demo/build/CMakeFiles/CMakeTmp”
Building C object CMakeFiles/cmTC_f4c68.dir/CheckFunctionExists.c.o
/home/irex/WorkSpace/Smart_Glasses/SDK/rv1106-sdk/tools/linux/toolchain/arm-rockchip830-linux-uclibcgnueabihf/bin/arm-rockchip830-linux-uclibcgnueabihf-gcc --sysroot=/home/irex/WorkSpace/Smart_Glasses/SDK/rv1106-sdk/sysdrv/source/buildroot/buildroot-2023.02.6/output/host/arm-buildroot-linux-uclibcgnueabihf/sysroot   -DCHECK_FUNCTION_EXISTS=sigaction -fPIE -std=gnu99 -o CMakeFiles/cmTC_f4c68.dir/CheckFunctionExists.c.o -c /usr/share/cmake-3.22/Modules/CheckFunctionExists.c
Linking C executable cmTC_f4c68
/usr/bin/cmake -E cmake_link_script CMakeFiles/cmTC_f4c68.dir/link.txt --verbose=1
/home/irex/WorkSpace/Smart_Glasses/SDK/rv1106-sdk/tools/linux/toolchain/arm-rockchip830-linux-uclibcgnueabihf/bin/arm-rockchip830-linux-uclibcgnueabihf-gcc --sysroot=/home/irex/WorkSpace/Smart_Glasses/SDK/rv1106-sdk/sysdrv/source/buildroot/buildroot-2023.02.6/output/host/arm-buildroot-linux-uclibcgnueabihf/sysroot  -DCHECK_FUNCTION_EXISTS=sigaction CMakeFiles/cmTC_f4c68.dir/CheckFunctionExists.c.o -o cmTC_f4c68 
gmake[1]: 离开目录“/home/irex/WorkSpace/Smart_Glasses/Demo/Smart_Glasses_demo/build/CMakeFiles/CMakeTmp”



Determining if the function inet_aton exists passed with the following output:
Change Dir: /home/irex/WorkSpace/Smart_Glasses/Demo/Smart_Glasses_demo/build/CMakeFiles/CMakeTmp

Run Build Command(s):/usr/bin/gmake -f Makefile cmTC_9d75b/fast && /usr/bin/gmake  -f CMakeFiles/cmTC_9d75b.dir/build.make CMakeFiles/cmTC_9d75b.dir/build
gmake[1]: 进入目录“/home/irex/WorkSpace/Smart_Glasses/Demo/Smart_Glasses_demo/build/CMakeFiles/CMakeTmp”
Building C object CMakeFiles/cmTC_9d75b.dir/CheckFunctionExists.c.o
/home/irex/WorkSpace/Smart_Glasses/SDK/rv1106-sdk/tools/linux/toolchain/arm-rockchip830-linux-uclibcgnueabihf/bin/arm-rockchip830-linux-uclibcgnueabihf-gcc --sysroot=/home/irex/WorkSpace/Smart_Glasses/SDK/rv1106-sdk/sysdrv/source/buildroot/buildroot-2023.02.6/output/host/arm-buildroot-linux-uclibcgnueabihf/sysroot   -DCHECK_FUNCTION_EXISTS=inet_aton -fPIE -std=gnu99 -o CMakeFiles/cmTC_9d75b.dir/CheckFunctionExists.c.o -c /usr/share/cmake-3.22/Modules/CheckFunctionExists.c
Linking C executable cmTC_9d75b
/usr/bin/cmake -E cmake_link_script CMakeFiles/cmTC_9d75b.dir/link.txt --verbose=1
/home/irex/WorkSpace/Smart_Glasses/SDK/rv1106-sdk/tools/linux/toolchain/arm-rockchip830-linux-uclibcgnueabihf/bin/arm-rockchip830-linux-uclibcgnueabihf-gcc --sysroot=/home/irex/WorkSpace/Smart_Glasses/SDK/rv1106-sdk/sysdrv/source/buildroot/buildroot-2023.02.6/output/host/arm-buildroot-linux-uclibcgnueabihf/sysroot  -DCHECK_FUNCTION_EXISTS=inet_aton CMakeFiles/cmTC_9d75b.dir/CheckFunctionExists.c.o -o cmTC_9d75b 
gmake[1]: 离开目录“/home/irex/WorkSpace/Smart_Glasses/Demo/Smart_Glasses_demo/build/CMakeFiles/CMakeTmp”



Determining if the function inet_pton exists passed with the following output:
Change Dir: /home/irex/WorkSpace/Smart_Glasses/Demo/Smart_Glasses_demo/build/CMakeFiles/CMakeTmp

Run Build Command(s):/usr/bin/gmake -f Makefile cmTC_06fcc/fast && /usr/bin/gmake  -f CMakeFiles/cmTC_06fcc.dir/build.make CMakeFiles/cmTC_06fcc.dir/build
gmake[1]: 进入目录“/home/irex/WorkSpace/Smart_Glasses/Demo/Smart_Glasses_demo/build/CMakeFiles/CMakeTmp”
Building C object CMakeFiles/cmTC_06fcc.dir/CheckFunctionExists.c.o
/home/irex/WorkSpace/Smart_Glasses/SDK/rv1106-sdk/tools/linux/toolchain/arm-rockchip830-linux-uclibcgnueabihf/bin/arm-rockchip830-linux-uclibcgnueabihf-gcc --sysroot=/home/irex/WorkSpace/Smart_Glasses/SDK/rv1106-sdk/sysdrv/source/buildroot/buildroot-2023.02.6/output/host/arm-buildroot-linux-uclibcgnueabihf/sysroot   -DCHECK_FUNCTION_EXISTS=inet_pton -fPIE -std=gnu99 -o CMakeFiles/cmTC_06fcc.dir/CheckFunctionExists.c.o -c /usr/share/cmake-3.22/Modules/CheckFunctionExists.c
Linking C executable cmTC_06fcc
/usr/bin/cmake -E cmake_link_script CMakeFiles/cmTC_06fcc.dir/link.txt --verbose=1
/home/irex/WorkSpace/Smart_Glasses/SDK/rv1106-sdk/tools/linux/toolchain/arm-rockchip830-linux-uclibcgnueabihf/bin/arm-rockchip830-linux-uclibcgnueabihf-gcc --sysroot=/home/irex/WorkSpace/Smart_Glasses/SDK/rv1106-sdk/sysdrv/source/buildroot/buildroot-2023.02.6/output/host/arm-buildroot-linux-uclibcgnueabihf/sysroot  -DCHECK_FUNCTION_EXISTS=inet_pton CMakeFiles/cmTC_06fcc.dir/CheckFunctionExists.c.o -o cmTC_06fcc 
gmake[1]: 离开目录“/home/irex/WorkSpace/Smart_Glasses/Demo/Smart_Glasses_demo/build/CMakeFiles/CMakeTmp”



Determining if the function usleep exists passed with the following output:
Change Dir: /home/irex/WorkSpace/Smart_Glasses/Demo/Smart_Glasses_demo/build/CMakeFiles/CMakeTmp

Run Build Command(s):/usr/bin/gmake -f Makefile cmTC_3d2bc/fast && /usr/bin/gmake  -f CMakeFiles/cmTC_3d2bc.dir/build.make CMakeFiles/cmTC_3d2bc.dir/build
gmake[1]: 进入目录“/home/irex/WorkSpace/Smart_Glasses/Demo/Smart_Glasses_demo/build/CMakeFiles/CMakeTmp”
Building C object CMakeFiles/cmTC_3d2bc.dir/CheckFunctionExists.c.o
/home/irex/WorkSpace/Smart_Glasses/SDK/rv1106-sdk/tools/linux/toolchain/arm-rockchip830-linux-uclibcgnueabihf/bin/arm-rockchip830-linux-uclibcgnueabihf-gcc --sysroot=/home/irex/WorkSpace/Smart_Glasses/SDK/rv1106-sdk/sysdrv/source/buildroot/buildroot-2023.02.6/output/host/arm-buildroot-linux-uclibcgnueabihf/sysroot   -DCHECK_FUNCTION_EXISTS=usleep -fPIE -std=gnu99 -o CMakeFiles/cmTC_3d2bc.dir/CheckFunctionExists.c.o -c /usr/share/cmake-3.22/Modules/CheckFunctionExists.c
Linking C executable cmTC_3d2bc
/usr/bin/cmake -E cmake_link_script CMakeFiles/cmTC_3d2bc.dir/link.txt --verbose=1
/home/irex/WorkSpace/Smart_Glasses/SDK/rv1106-sdk/tools/linux/toolchain/arm-rockchip830-linux-uclibcgnueabihf/bin/arm-rockchip830-linux-uclibcgnueabihf-gcc --sysroot=/home/irex/WorkSpace/Smart_Glasses/SDK/rv1106-sdk/sysdrv/source/buildroot/buildroot-2023.02.6/output/host/arm-buildroot-linux-uclibcgnueabihf/sysroot  -DCHECK_FUNCTION_EXISTS=usleep CMakeFiles/cmTC_3d2bc.dir/CheckFunctionExists.c.o -o cmTC_3d2bc 
gmake[1]: 离开目录“/home/irex/WorkSpace/Smart_Glasses/Demo/Smart_Glasses_demo/build/CMakeFiles/CMakeTmp”



Determining if the include file stddef.h exists passed with the following output:
Change Dir: /home/irex/WorkSpace/Smart_Glasses/Demo/Smart_Glasses_demo/build/CMakeFiles/CMakeTmp

Run Build Command(s):/usr/bin/gmake -f Makefile cmTC_4c1f3/fast && /usr/bin/gmake  -f CMakeFiles/cmTC_4c1f3.dir/build.make CMakeFiles/cmTC_4c1f3.dir/build
gmake[1]: 进入目录“/home/irex/WorkSpace/Smart_Glasses/Demo/Smart_Glasses_demo/build/CMakeFiles/CMakeTmp”
Building C object CMakeFiles/cmTC_4c1f3.dir/CheckIncludeFile.c.o
/home/irex/WorkSpace/Smart_Glasses/SDK/rv1106-sdk/tools/linux/toolchain/arm-rockchip830-linux-uclibcgnueabihf/bin/arm-rockchip830-linux-uclibcgnueabihf-gcc --sysroot=/home/irex/WorkSpace/Smart_Glasses/SDK/rv1106-sdk/sysdrv/source/buildroot/buildroot-2023.02.6/output/host/arm-buildroot-linux-uclibcgnueabihf/sysroot   -fPIE -std=gnu99 -o CMakeFiles/cmTC_4c1f3.dir/CheckIncludeFile.c.o -c /home/irex/WorkSpace/Smart_Glasses/Demo/Smart_Glasses_demo/build/CMakeFiles/CMakeTmp/CheckIncludeFile.c
Linking C executable cmTC_4c1f3
/usr/bin/cmake -E cmake_link_script CMakeFiles/cmTC_4c1f3.dir/link.txt --verbose=1
/home/irex/WorkSpace/Smart_Glasses/SDK/rv1106-sdk/tools/linux/toolchain/arm-rockchip830-linux-uclibcgnueabihf/bin/arm-rockchip830-linux-uclibcgnueabihf-gcc --sysroot=/home/irex/WorkSpace/Smart_Glasses/SDK/rv1106-sdk/sysdrv/source/buildroot/buildroot-2023.02.6/output/host/arm-buildroot-linux-uclibcgnueabihf/sysroot CMakeFiles/cmTC_4c1f3.dir/CheckIncludeFile.c.o -o cmTC_4c1f3 
gmake[1]: 离开目录“/home/irex/WorkSpace/Smart_Glasses/Demo/Smart_Glasses_demo/build/CMakeFiles/CMakeTmp”



Determining size of uint8_t passed with the following output:
Change Dir: /home/irex/WorkSpace/Smart_Glasses/Demo/Smart_Glasses_demo/build/CMakeFiles/CMakeTmp

Run Build Command(s):/usr/bin/gmake -f Makefile cmTC_df127/fast && /usr/bin/gmake  -f CMakeFiles/cmTC_df127.dir/build.make CMakeFiles/cmTC_df127.dir/build
gmake[1]: 进入目录“/home/irex/WorkSpace/Smart_Glasses/Demo/Smart_Glasses_demo/build/CMakeFiles/CMakeTmp”
Building C object CMakeFiles/cmTC_df127.dir/UINT8_T.c.o
/home/irex/WorkSpace/Smart_Glasses/SDK/rv1106-sdk/tools/linux/toolchain/arm-rockchip830-linux-uclibcgnueabihf/bin/arm-rockchip830-linux-uclibcgnueabihf-gcc --sysroot=/home/irex/WorkSpace/Smart_Glasses/SDK/rv1106-sdk/sysdrv/source/buildroot/buildroot-2023.02.6/output/host/arm-buildroot-linux-uclibcgnueabihf/sysroot   -fPIE -std=gnu99 -o CMakeFiles/cmTC_df127.dir/UINT8_T.c.o -c /home/irex/WorkSpace/Smart_Glasses/Demo/Smart_Glasses_demo/build/CMakeFiles/CheckTypeSize/UINT8_T.c
Linking C executable cmTC_df127
/usr/bin/cmake -E cmake_link_script CMakeFiles/cmTC_df127.dir/link.txt --verbose=1
/home/irex/WorkSpace/Smart_Glasses/SDK/rv1106-sdk/tools/linux/toolchain/arm-rockchip830-linux-uclibcgnueabihf/bin/arm-rockchip830-linux-uclibcgnueabihf-gcc --sysroot=/home/irex/WorkSpace/Smart_Glasses/SDK/rv1106-sdk/sysdrv/source/buildroot/buildroot-2023.02.6/output/host/arm-buildroot-linux-uclibcgnueabihf/sysroot CMakeFiles/cmTC_df127.dir/UINT8_T.c.o -o cmTC_df127 
gmake[1]: 离开目录“/home/irex/WorkSpace/Smart_Glasses/Demo/Smart_Glasses_demo/build/CMakeFiles/CMakeTmp”



Determining size of uint16_t passed with the following output:
Change Dir: /home/irex/WorkSpace/Smart_Glasses/Demo/Smart_Glasses_demo/build/CMakeFiles/CMakeTmp

Run Build Command(s):/usr/bin/gmake -f Makefile cmTC_e0307/fast && /usr/bin/gmake  -f CMakeFiles/cmTC_e0307.dir/build.make CMakeFiles/cmTC_e0307.dir/build
gmake[1]: 进入目录“/home/irex/WorkSpace/Smart_Glasses/Demo/Smart_Glasses_demo/build/CMakeFiles/CMakeTmp”
Building C object CMakeFiles/cmTC_e0307.dir/UINT16_T.c.o
/home/irex/WorkSpace/Smart_Glasses/SDK/rv1106-sdk/tools/linux/toolchain/arm-rockchip830-linux-uclibcgnueabihf/bin/arm-rockchip830-linux-uclibcgnueabihf-gcc --sysroot=/home/irex/WorkSpace/Smart_Glasses/SDK/rv1106-sdk/sysdrv/source/buildroot/buildroot-2023.02.6/output/host/arm-buildroot-linux-uclibcgnueabihf/sysroot   -fPIE -std=gnu99 -o CMakeFiles/cmTC_e0307.dir/UINT16_T.c.o -c /home/irex/WorkSpace/Smart_Glasses/Demo/Smart_Glasses_demo/build/CMakeFiles/CheckTypeSize/UINT16_T.c
Linking C executable cmTC_e0307
/usr/bin/cmake -E cmake_link_script CMakeFiles/cmTC_e0307.dir/link.txt --verbose=1
/home/irex/WorkSpace/Smart_Glasses/SDK/rv1106-sdk/tools/linux/toolchain/arm-rockchip830-linux-uclibcgnueabihf/bin/arm-rockchip830-linux-uclibcgnueabihf-gcc --sysroot=/home/irex/WorkSpace/Smart_Glasses/SDK/rv1106-sdk/sysdrv/source/buildroot/buildroot-2023.02.6/output/host/arm-buildroot-linux-uclibcgnueabihf/sysroot CMakeFiles/cmTC_e0307.dir/UINT16_T.c.o -o cmTC_e0307 
gmake[1]: 离开目录“/home/irex/WorkSpace/Smart_Glasses/Demo/Smart_Glasses_demo/build/CMakeFiles/CMakeTmp”



Determining size of uint32_t passed with the following output:
Change Dir: /home/irex/WorkSpace/Smart_Glasses/Demo/Smart_Glasses_demo/build/CMakeFiles/CMakeTmp

Run Build Command(s):/usr/bin/gmake -f Makefile cmTC_09b9d/fast && /usr/bin/gmake  -f CMakeFiles/cmTC_09b9d.dir/build.make CMakeFiles/cmTC_09b9d.dir/build
gmake[1]: 进入目录“/home/irex/WorkSpace/Smart_Glasses/Demo/Smart_Glasses_demo/build/CMakeFiles/CMakeTmp”
Building C object CMakeFiles/cmTC_09b9d.dir/UINT32_T.c.o
/home/irex/WorkSpace/Smart_Glasses/SDK/rv1106-sdk/tools/linux/toolchain/arm-rockchip830-linux-uclibcgnueabihf/bin/arm-rockchip830-linux-uclibcgnueabihf-gcc --sysroot=/home/irex/WorkSpace/Smart_Glasses/SDK/rv1106-sdk/sysdrv/source/buildroot/buildroot-2023.02.6/output/host/arm-buildroot-linux-uclibcgnueabihf/sysroot   -fPIE -std=gnu99 -o CMakeFiles/cmTC_09b9d.dir/UINT32_T.c.o -c /home/irex/WorkSpace/Smart_Glasses/Demo/Smart_Glasses_demo/build/CMakeFiles/CheckTypeSize/UINT32_T.c
Linking C executable cmTC_09b9d
/usr/bin/cmake -E cmake_link_script CMakeFiles/cmTC_09b9d.dir/link.txt --verbose=1
/home/irex/WorkSpace/Smart_Glasses/SDK/rv1106-sdk/tools/linux/toolchain/arm-rockchip830-linux-uclibcgnueabihf/bin/arm-rockchip830-linux-uclibcgnueabihf-gcc --sysroot=/home/irex/WorkSpace/Smart_Glasses/SDK/rv1106-sdk/sysdrv/source/buildroot/buildroot-2023.02.6/output/host/arm-buildroot-linux-uclibcgnueabihf/sysroot CMakeFiles/cmTC_09b9d.dir/UINT32_T.c.o -o cmTC_09b9d 
gmake[1]: 离开目录“/home/irex/WorkSpace/Smart_Glasses/Demo/Smart_Glasses_demo/build/CMakeFiles/CMakeTmp”



Determining size of uint64_t passed with the following output:
Change Dir: /home/irex/WorkSpace/Smart_Glasses/Demo/Smart_Glasses_demo/build/CMakeFiles/CMakeTmp

Run Build Command(s):/usr/bin/gmake -f Makefile cmTC_48ca8/fast && /usr/bin/gmake  -f CMakeFiles/cmTC_48ca8.dir/build.make CMakeFiles/cmTC_48ca8.dir/build
gmake[1]: 进入目录“/home/irex/WorkSpace/Smart_Glasses/Demo/Smart_Glasses_demo/build/CMakeFiles/CMakeTmp”
Building C object CMakeFiles/cmTC_48ca8.dir/UINT64_T.c.o
/home/irex/WorkSpace/Smart_Glasses/SDK/rv1106-sdk/tools/linux/toolchain/arm-rockchip830-linux-uclibcgnueabihf/bin/arm-rockchip830-linux-uclibcgnueabihf-gcc --sysroot=/home/irex/WorkSpace/Smart_Glasses/SDK/rv1106-sdk/sysdrv/source/buildroot/buildroot-2023.02.6/output/host/arm-buildroot-linux-uclibcgnueabihf/sysroot   -fPIE -std=gnu99 -o CMakeFiles/cmTC_48ca8.dir/UINT64_T.c.o -c /home/irex/WorkSpace/Smart_Glasses/Demo/Smart_Glasses_demo/build/CMakeFiles/CheckTypeSize/UINT64_T.c
Linking C executable cmTC_48ca8
/usr/bin/cmake -E cmake_link_script CMakeFiles/cmTC_48ca8.dir/link.txt --verbose=1
/home/irex/WorkSpace/Smart_Glasses/SDK/rv1106-sdk/tools/linux/toolchain/arm-rockchip830-linux-uclibcgnueabihf/bin/arm-rockchip830-linux-uclibcgnueabihf-gcc --sysroot=/home/irex/WorkSpace/Smart_Glasses/SDK/rv1106-sdk/sysdrv/source/buildroot/buildroot-2023.02.6/output/host/arm-buildroot-linux-uclibcgnueabihf/sysroot CMakeFiles/cmTC_48ca8.dir/UINT64_T.c.o -o cmTC_48ca8 
gmake[1]: 离开目录“/home/irex/WorkSpace/Smart_Glasses/Demo/Smart_Glasses_demo/build/CMakeFiles/CMakeTmp”



Determining size of int32_t passed with the following output:
Change Dir: /home/irex/WorkSpace/Smart_Glasses/Demo/Smart_Glasses_demo/build/CMakeFiles/CMakeTmp

Run Build Command(s):/usr/bin/gmake -f Makefile cmTC_de40b/fast && /usr/bin/gmake  -f CMakeFiles/cmTC_de40b.dir/build.make CMakeFiles/cmTC_de40b.dir/build
gmake[1]: 进入目录“/home/irex/WorkSpace/Smart_Glasses/Demo/Smart_Glasses_demo/build/CMakeFiles/CMakeTmp”
Building C object CMakeFiles/cmTC_de40b.dir/INT32_T.c.o
/home/irex/WorkSpace/Smart_Glasses/SDK/rv1106-sdk/tools/linux/toolchain/arm-rockchip830-linux-uclibcgnueabihf/bin/arm-rockchip830-linux-uclibcgnueabihf-gcc --sysroot=/home/irex/WorkSpace/Smart_Glasses/SDK/rv1106-sdk/sysdrv/source/buildroot/buildroot-2023.02.6/output/host/arm-buildroot-linux-uclibcgnueabihf/sysroot   -fPIE -std=gnu99 -o CMakeFiles/cmTC_de40b.dir/INT32_T.c.o -c /home/irex/WorkSpace/Smart_Glasses/Demo/Smart_Glasses_demo/build/CMakeFiles/CheckTypeSize/INT32_T.c
Linking C executable cmTC_de40b
/usr/bin/cmake -E cmake_link_script CMakeFiles/cmTC_de40b.dir/link.txt --verbose=1
/home/irex/WorkSpace/Smart_Glasses/SDK/rv1106-sdk/tools/linux/toolchain/arm-rockchip830-linux-uclibcgnueabihf/bin/arm-rockchip830-linux-uclibcgnueabihf-gcc --sysroot=/home/irex/WorkSpace/Smart_Glasses/SDK/rv1106-sdk/sysdrv/source/buildroot/buildroot-2023.02.6/output/host/arm-buildroot-linux-uclibcgnueabihf/sysroot CMakeFiles/cmTC_de40b.dir/INT32_T.c.o -o cmTC_de40b 
gmake[1]: 离开目录“/home/irex/WorkSpace/Smart_Glasses/Demo/Smart_Glasses_demo/build/CMakeFiles/CMakeTmp”



Determining size of unsigned long passed with the following output:
Change Dir: /home/irex/WorkSpace/Smart_Glasses/Demo/Smart_Glasses_demo/build/CMakeFiles/CMakeTmp

Run Build Command(s):/usr/bin/gmake -f Makefile cmTC_2acc0/fast && /usr/bin/gmake  -f CMakeFiles/cmTC_2acc0.dir/build.make CMakeFiles/cmTC_2acc0.dir/build
gmake[1]: 进入目录“/home/irex/WorkSpace/Smart_Glasses/Demo/Smart_Glasses_demo/build/CMakeFiles/CMakeTmp”
Building C object CMakeFiles/cmTC_2acc0.dir/SIZEOF_UNSIGNED_LONG.c.o
/home/irex/WorkSpace/Smart_Glasses/SDK/rv1106-sdk/tools/linux/toolchain/arm-rockchip830-linux-uclibcgnueabihf/bin/arm-rockchip830-linux-uclibcgnueabihf-gcc --sysroot=/home/irex/WorkSpace/Smart_Glasses/SDK/rv1106-sdk/sysdrv/source/buildroot/buildroot-2023.02.6/output/host/arm-buildroot-linux-uclibcgnueabihf/sysroot   -fPIE -std=gnu99 -o CMakeFiles/cmTC_2acc0.dir/SIZEOF_UNSIGNED_LONG.c.o -c /home/irex/WorkSpace/Smart_Glasses/Demo/Smart_Glasses_demo/build/CMakeFiles/CheckTypeSize/SIZEOF_UNSIGNED_LONG.c
Linking C executable cmTC_2acc0
/usr/bin/cmake -E cmake_link_script CMakeFiles/cmTC_2acc0.dir/link.txt --verbose=1
/home/irex/WorkSpace/Smart_Glasses/SDK/rv1106-sdk/tools/linux/toolchain/arm-rockchip830-linux-uclibcgnueabihf/bin/arm-rockchip830-linux-uclibcgnueabihf-gcc --sysroot=/home/irex/WorkSpace/Smart_Glasses/SDK/rv1106-sdk/sysdrv/source/buildroot/buildroot-2023.02.6/output/host/arm-buildroot-linux-uclibcgnueabihf/sysroot CMakeFiles/cmTC_2acc0.dir/SIZEOF_UNSIGNED_LONG.c.o -o cmTC_2acc0 
gmake[1]: 离开目录“/home/irex/WorkSpace/Smart_Glasses/Demo/Smart_Glasses_demo/build/CMakeFiles/CMakeTmp”



Determining size of unsigned long long passed with the following output:
Change Dir: /home/irex/WorkSpace/Smart_Glasses/Demo/Smart_Glasses_demo/build/CMakeFiles/CMakeTmp

Run Build Command(s):/usr/bin/gmake -f Makefile cmTC_809bb/fast && /usr/bin/gmake  -f CMakeFiles/cmTC_809bb.dir/build.make CMakeFiles/cmTC_809bb.dir/build
gmake[1]: 进入目录“/home/irex/WorkSpace/Smart_Glasses/Demo/Smart_Glasses_demo/build/CMakeFiles/CMakeTmp”
Building C object CMakeFiles/cmTC_809bb.dir/SIZEOF_UNSIGNED_LONG_LONG.c.o
/home/irex/WorkSpace/Smart_Glasses/SDK/rv1106-sdk/tools/linux/toolchain/arm-rockchip830-linux-uclibcgnueabihf/bin/arm-rockchip830-linux-uclibcgnueabihf-gcc --sysroot=/home/irex/WorkSpace/Smart_Glasses/SDK/rv1106-sdk/sysdrv/source/buildroot/buildroot-2023.02.6/output/host/arm-buildroot-linux-uclibcgnueabihf/sysroot   -fPIE -std=gnu99 -o CMakeFiles/cmTC_809bb.dir/SIZEOF_UNSIGNED_LONG_LONG.c.o -c /home/irex/WorkSpace/Smart_Glasses/Demo/Smart_Glasses_demo/build/CMakeFiles/CheckTypeSize/SIZEOF_UNSIGNED_LONG_LONG.c
Linking C executable cmTC_809bb
/usr/bin/cmake -E cmake_link_script CMakeFiles/cmTC_809bb.dir/link.txt --verbose=1
/home/irex/WorkSpace/Smart_Glasses/SDK/rv1106-sdk/tools/linux/toolchain/arm-rockchip830-linux-uclibcgnueabihf/bin/arm-rockchip830-linux-uclibcgnueabihf-gcc --sysroot=/home/irex/WorkSpace/Smart_Glasses/SDK/rv1106-sdk/sysdrv/source/buildroot/buildroot-2023.02.6/output/host/arm-buildroot-linux-uclibcgnueabihf/sysroot CMakeFiles/cmTC_809bb.dir/SIZEOF_UNSIGNED_LONG_LONG.c.o -o cmTC_809bb 
gmake[1]: 离开目录“/home/irex/WorkSpace/Smart_Glasses/Demo/Smart_Glasses_demo/build/CMakeFiles/CMakeTmp”



Performing C SOURCE FILE Test HAVE_INLINE succeeded with the following output:
Change Dir: /home/irex/WorkSpace/Smart_Glasses/Demo/Smart_Glasses_demo/build/CMakeFiles/CMakeTmp

Run Build Command(s):/usr/bin/gmake -f Makefile cmTC_00a45/fast && /usr/bin/gmake  -f CMakeFiles/cmTC_00a45.dir/build.make CMakeFiles/cmTC_00a45.dir/build
gmake[1]: 进入目录“/home/irex/WorkSpace/Smart_Glasses/Demo/Smart_Glasses_demo/build/CMakeFiles/CMakeTmp”
Building C object CMakeFiles/cmTC_00a45.dir/src.c.o
/home/irex/WorkSpace/Smart_Glasses/SDK/rv1106-sdk/tools/linux/toolchain/arm-rockchip830-linux-uclibcgnueabihf/bin/arm-rockchip830-linux-uclibcgnueabihf-gcc --sysroot=/home/irex/WorkSpace/Smart_Glasses/SDK/rv1106-sdk/sysdrv/source/buildroot/buildroot-2023.02.6/output/host/arm-buildroot-linux-uclibcgnueabihf/sysroot -DHAVE_INLINE  -fPIE -std=gnu99 -o CMakeFiles/cmTC_00a45.dir/src.c.o -c /home/irex/WorkSpace/Smart_Glasses/Demo/Smart_Glasses_demo/build/CMakeFiles/CMakeTmp/src.c
Linking C executable cmTC_00a45
/usr/bin/cmake -E cmake_link_script CMakeFiles/cmTC_00a45.dir/link.txt --verbose=1
/home/irex/WorkSpace/Smart_Glasses/SDK/rv1106-sdk/tools/linux/toolchain/arm-rockchip830-linux-uclibcgnueabihf/bin/arm-rockchip830-linux-uclibcgnueabihf-gcc --sysroot=/home/irex/WorkSpace/Smart_Glasses/SDK/rv1106-sdk/sysdrv/source/buildroot/buildroot-2023.02.6/output/host/arm-buildroot-linux-uclibcgnueabihf/sysroot CMakeFiles/cmTC_00a45.dir/src.c.o -o cmTC_00a45 
gmake[1]: 离开目录“/home/irex/WorkSpace/Smart_Glasses/Demo/Smart_Glasses_demo/build/CMakeFiles/CMakeTmp”


Source file was:
inline void func(); void func() { } int main() { func(); return 0; }
